,ticker,name,sector,asset_class,market_value,weight,notional_value,shares,price,location,exchange,currency,fx_rate,market_currency,accrual_date,date
0,MSFT,MICROSOFT CORP,Information Technology,Equity,"32,080,980,582.64",7.01,"32,080,980,582.64","77,014,069.00",416.56,United States,NASDAQ,USD,1.00,USD,-,20240514
1,AAPL,APPLE INC,Information Technology,Equity,"28,198,294,517.53",6.17,"28,198,294,517.53","150,447,071.00",187.43,United States,NASDAQ,USD,1.00,USD,-,20240514
2,NVDA,NVIDIA CORP,Information Technology,Equity,"23,387,781,886.92",5.11,"23,387,781,886.92","25,600,707.00",913.56,United States,NASDAQ,USD,1.00,USD,-,20240514
3,AMZN,AMAZON COM INC,Consumer Discretionary,Equity,"17,723,441,686.86",3.88,"17,723,441,686.86","94,742,298.00",187.07,United States,NASDAQ,USD,1.00,USD,-,20240514
4,META,META PLATFORMS INC CLASS A,Communication,Equity,"10,759,461,072.75",2.35,"10,759,461,072.75","22,802,715.00",471.85,United States,NASDAQ,USD,1.00,USD,-,20240514
5,GOOGL,ALPHABET INC CLASS A,Communication,Equity,"10,404,216,449.10",2.27,"10,404,216,449.10","61,079,115.00",170.34,United States,NASDAQ,USD,1.00,USD,-,20240514
6,GOOG,ALPHABET INC CLASS C,Communication,Equity,"8,791,977,532.80",1.92,"8,791,977,532.80","51,136,960.00",171.93,United States,NASDAQ,USD,1.00,USD,-,20240514
7,BRKB,BERKSHIRE HATHAWAY INC CLASS B,Financials,Equity,"7,736,239,461.12",1.69,"7,736,239,461.12","18,857,838.00",410.24,United States,New York Stock Exchange Inc.,USD,1.00,USD,-,20240514
8,LLY,ELI LILLY,Health Care,Equity,"6,314,225,177.82",1.38,"6,314,225,177.82","8,264,909.00",763.98,United States,New York Stock Exchange Inc.,USD,1.00,USD,-,20240514
9,AVGO,BROADCOM INC,Information Technology,Equity,"6,294,238,168.29",1.38,"6,294,238,168.29","4,560,943.00","1,380.03",United States,NASDAQ,USD,1.00,USD,-,20240514
10,JPM,JPMORGAN CHASE & CO,Financials,Equity,"6,038,109,720.18",1.32,"6,038,109,720.18","29,964,318.00",201.51,United States,New York Stock Exchange Inc.,USD,1.00,USD,-,20240514
11,XOM,EXXON MOBIL CORP,Energy,Equity,"5,505,069,867.57",1.20,"5,505,069,867.57","46,783,971.00",117.67,United States,New York Stock Exchange Inc.,USD,1.00,USD,-,20240514
12,TSLA,TESLA INC,Consumer Discretionary,Equity,"5,098,917,120.20",1.11,"5,098,917,120.20","28,718,204.00",177.55,United States,NASDAQ,USD,1.00,USD,-,20240514
13,UNH,UNITEDHEALTH GROUP INC,Health Care,Equity,"4,926,298,286.88",1.08,"4,926,298,286.88","9,586,476.00",513.88,United States,New York Stock Exchange Inc.,USD,1.00,USD,-,20240514
14,V,VISA INC CLASS A,Financials,Equity,"4,552,910,164.44",1.00,"4,552,910,164.44","16,392,706.00",277.74,United States,New York Stock Exchange Inc.,USD,1.00,USD,-,20240514
15,PG,PROCTER & GAMBLE,Consumer Staples,Equity,"4,042,617,868.80",0.88,"4,042,617,868.80","24,388,380.00",165.76,United States,New York Stock Exchange Inc.,USD,1.00,USD,-,20240514
16,MA,MASTERCARD INC CLASS A,Financials,Equity,"3,883,962,761.40",0.85,"3,883,962,761.40","8,551,217.00",454.20,United States,New York Stock Exchange Inc.,USD,1.00,USD,-,20240514
17,JNJ,JOHNSON & JOHNSON,Health Care,Equity,"3,777,035,300.82",0.83,"3,777,035,300.82","24,950,689.00",151.38,United States,New York Stock Exchange Inc.,USD,1.00,USD,-,20240514
18,COST,COSTCO WHOLESALE CORP,Consumer Staples,Equity,"3,577,567,545.30",0.78,"3,577,567,545.30","4,599,007.00",777.90,United States,NASDAQ,USD,1.00,USD,-,20240514
19,HD,HOME DEPOT INC,Consumer Discretionary,Equity,"3,512,440,008.00",0.77,"3,512,440,008.00","10,315,536.00",340.50,United States,New York Stock Exchange Inc.,USD,1.00,USD,-,20240514
20,MRK,MERCK & CO INC,Health Care,Equity,"3,379,155,574.48",0.74,"3,379,155,574.48","26,264,228.00",128.66,United States,New York Stock Exchange Inc.,USD,1.00,USD,-,20240514
21,ABBV,ABBVIE INC,Health Care,Equity,"2,956,959,325.32",0.65,"2,956,959,325.32","18,299,148.00",161.59,United States,New York Stock Exchange Inc.,USD,1.00,USD,-,20240514
22,CVX,CHEVRON CORP,Energy,Equity,"2,941,221,714.69",0.64,"2,941,221,714.69","17,977,029.00",163.61,United States,New York Stock Exchange Inc.,USD,1.00,USD,-,20240514
23,CRM,SALESFORCE INC,Information Technology,Equity,"2,777,138,828.80",0.61,"2,777,138,828.80","10,033,016.00",276.80,United States,New York Stock Exchange Inc.,USD,1.00,USD,-,20240514
24,NFLX,NETFLIX INC,Communication,Equity,"2,752,519,768.90",0.60,"2,752,519,768.90","4,485,415.00",613.66,United States,NASDAQ,USD,1.00,USD,-,20240514
25,BAC,BANK OF AMERICA CORP,Financials,Equity,"2,746,656,291.93",0.60,"2,746,656,291.93","71,360,257.00",38.49,United States,New York Stock Exchange Inc.,USD,1.00,USD,-,20240514
26,WMT,WALMART INC,Consumer Staples,Equity,"2,655,835,018.26",0.58,"2,655,835,018.26","44,367,441.00",59.86,United States,New York Stock Exchange Inc.,USD,1.00,USD,-,20240514
27,AMD,ADVANCED MICRO DEVICES INC,Information Technology,Equity,"2,564,983,385.44",0.56,"2,564,983,385.44","16,747,084.00",153.16,United States,NASDAQ,USD,1.00,USD,-,20240514
28,PEP,PEPSICO INC,Consumer Staples,Equity,"2,562,332,509.03",0.56,"2,562,332,509.03","14,245,469.00",179.87,United States,NASDAQ,USD,1.00,USD,-,20240514
29,KO,COCA-COLA,Consumer Staples,Equity,"2,544,801,167.40",0.56,"2,544,801,167.40","40,329,654.00",63.10,United States,New York Stock Exchange Inc.,USD,1.00,USD,-,20240514
30,TMO,THERMO FISHER SCIENTIFIC INC,Health Care,Equity,"2,381,913,477.60",0.52,"2,381,913,477.60","4,004,562.00",594.80,United States,New York Stock Exchange Inc.,USD,1.00,USD,-,20240514
31,WFC,WELLS FARGO,Financials,Equity,"2,308,560,808.59",0.50,"2,308,560,808.59","37,301,031.00",61.89,United States,New York Stock Exchange Inc.,USD,1.00,USD,-,20240514
32,ADBE,ADOBE INC,Information Technology,Equity,"2,229,709,142.25",0.49,"2,229,709,142.25","4,684,755.00",475.95,United States,NASDAQ,USD,1.00,USD,-,20240514
33,QCOM,QUALCOMM INC,Information Technology,Equity,"2,185,806,352.53",0.48,"2,185,806,352.53","11,566,949.00",188.97,United States,NASDAQ,USD,1.00,USD,-,20240514
34,LIN,LINDE PLC,Materials,Equity,"2,171,660,844.43",0.47,"2,171,660,844.43","5,025,713.00",432.11,United States,NASDAQ,USD,1.00,USD,-,20240514
35,CSCO,CISCO SYSTEMS INC,Information Technology,Equity,"2,061,607,276.30",0.45,"2,061,607,276.30","42,116,594.00",48.95,United States,NASDAQ,USD,1.00,USD,-,20240514
36,MCD,MCDONALDS CORP,Consumer Discretionary,Equity,"2,034,784,258.26",0.44,"2,034,784,258.26","7,517,861.00",270.66,United States,New York Stock Exchange Inc.,USD,1.00,USD,-,20240514
37,DIS,WALT DISNEY,Communication,Equity,"2,002,901,031.25",0.44,"2,002,901,031.25","19,011,875.00",105.35,United States,New York Stock Exchange Inc.,USD,1.00,USD,-,20240514
38,ORCL,ORACLE CORP,Information Technology,Equity,"1,997,390,529.18",0.44,"1,997,390,529.18","16,525,114.00",120.87,United States,New York Stock Exchange Inc.,USD,1.00,USD,-,20240514
39,ACN,ACCENTURE PLC CLASS A,Information Technology,Equity,"1,994,754,171.55",0.44,"1,994,754,171.55","6,498,629.00",306.95,United States,New York Stock Exchange Inc.,USD,1.00,USD,-,20240514
40,CAT,CATERPILLAR INC,Industrials,Equity,"1,889,906,682.88",0.41,"1,889,906,682.88","5,276,416.00",358.18,United States,New York Stock Exchange Inc.,USD,1.00,USD,-,20240514
41,ABT,ABBOTT LABORATORIES,Health Care,Equity,"1,871,525,985.12",0.41,"1,871,525,985.12","17,993,712.00",104.01,United States,New York Stock Exchange Inc.,USD,1.00,USD,-,20240514
42,INTU,INTUIT INC,Information Technology,Equity,"1,843,647,619.46",0.40,"1,843,647,619.46","2,901,463.00",635.42,United States,NASDAQ,USD,1.00,USD,-,20240514
43,AMAT,APPLIED MATERIAL INC,Information Technology,Equity,"1,809,502,367.40",0.40,"1,809,502,367.40","8,624,070.00",209.82,United States,NASDAQ,USD,1.00,USD,-,20240514
44,GE,GE AEROSPACE,Industrials,Equity,"1,804,849,600.00",0.39,"1,804,849,600.00","11,280,310.00",160.00,United States,New York Stock Exchange Inc.,USD,1.00,USD,-,20240514
45,TXN,TEXAS INSTRUMENT INC,Information Technology,Equity,"1,801,301,818.05",0.39,"1,801,301,818.05","9,424,485.00",191.13,United States,NASDAQ,USD,1.00,USD,-,20240514
46,DHR,DANAHER CORP,Health Care,Equity,"1,767,184,345.38",0.39,"1,767,184,345.38","6,816,263.00",259.26,United States,New York Stock Exchange Inc.,USD,1.00,USD,-,20240514
47,VZ,VERIZON COMMUNICATIONS INC,Communication,Equity,"1,764,388,555.41",0.39,"1,764,388,555.41","43,575,909.00",40.49,United States,New York Stock Exchange Inc.,USD,1.00,USD,-,20240514
48,AMGN,AMGEN INC,Health Care,Equity,"1,726,810,801.76",0.38,"1,726,810,801.76","5,545,136.00",311.41,United States,NASDAQ,USD,1.00,USD,-,20240514
49,PFE,PFIZER INC,Health Care,Equity,"1,660,891,906.74",0.36,"1,660,891,906.74","58,523,323.00",28.38,United States,New York Stock Exchange Inc.,USD,1.00,USD,-,20240514
50,CMCSA,COMCAST CORP CLASS A,Communication,Equity,"1,630,445,294.70",0.36,"1,630,445,294.70","41,069,151.00",39.70,United States,NASDAQ,USD,1.00,USD,-,20240514
51,PM,PHILIP MORRIS INTERNATIONAL INC,Consumer Staples,Equity,"1,606,490,396.16",0.35,"1,606,490,396.16","16,090,649.00",99.84,United States,New York Stock Exchange Inc.,USD,1.00,USD,-,20240514
52,NEE,NEXTERA ENERGY INC,Utilities,Equity,"1,603,829,680.20",0.35,"1,603,829,680.20","21,265,310.00",75.42,United States,New York Stock Exchange Inc.,USD,1.00,USD,-,20240514
53,IBM,INTERNATIONAL BUSINESS MACHINES CO,Information Technology,Equity,"1,587,198,224.32",0.35,"1,587,198,224.32","9,483,737.00",167.36,United States,New York Stock Exchange Inc.,USD,1.00,USD,-,20240514
54,GS,GOLDMAN SACHS GROUP INC,Financials,Equity,"1,549,617,138.25",0.34,"1,549,617,138.25","3,379,975.00",458.47,United States,New York Stock Exchange Inc.,USD,1.00,USD,-,20240514
55,UNP,UNION PACIFIC CORP,Industrials,Equity,"1,548,035,741.34",0.34,"1,548,035,741.34","6,320,061.00",244.94,United States,New York Stock Exchange Inc.,USD,1.00,USD,-,20240514
56,NOW,SERVICENOW INC,Information Technology,Equity,"1,533,241,889.64",0.34,"1,533,241,889.64","2,124,722.00",721.62,United States,New York Stock Exchange Inc.,USD,1.00,USD,-,20240514
57,COP,CONOCOPHILLIPS,Energy,Equity,"1,477,972,476.48",0.32,"1,477,972,476.48","12,210,612.00",121.04,United States,New York Stock Exchange Inc.,USD,1.00,USD,-,20240514
58,RTX,RTX CORP,Industrials,Equity,"1,453,602,466.40",0.32,"1,453,602,466.40","13,752,152.00",105.70,United States,New York Stock Exchange Inc.,USD,1.00,USD,-,20240514
59,AXP,AMERICAN EXPRESS,Financials,Equity,"1,431,585,505.62",0.31,"1,431,585,505.62","5,927,154.00",241.53,United States,New York Stock Exchange Inc.,USD,1.00,USD,-,20240514
60,MU,MICRON TECHNOLOGY INC,Information Technology,Equity,"1,428,034,083.84",0.31,"1,428,034,083.84","11,441,664.00",124.81,United States,NASDAQ,USD,1.00,USD,-,20240514
61,SPGI,S&P GLOBAL INC,Financials,Equity,"1,425,456,324.16",0.31,"1,425,456,324.16","3,330,272.00",428.03,United States,New York Stock Exchange Inc.,USD,1.00,USD,-,20240514
62,ISRG,INTUITIVE SURGICAL INC,Health Care,Equity,"1,402,960,453.84",0.31,"1,402,960,453.84","3,651,736.00",384.19,United States,NASDAQ,USD,1.00,USD,-,20240514
63,UBER,UBER TECHNOLOGIES INC,Industrials,Equity,"1,393,217,269.24",0.30,"1,393,217,269.24","21,329,107.00",65.32,United States,New York Stock Exchange Inc.,USD,1.00,USD,-,20240514
64,HON,HONEYWELL INTERNATIONAL INC,Industrials,Equity,"1,388,522,753.45",0.30,"1,388,522,753.45","6,832,945.00",203.21,United States,NASDAQ,USD,1.00,USD,-,20240514
65,LOW,LOWES COMPANIES INC,Consumer Discretionary,Equity,"1,380,427,074.64",0.30,"1,380,427,074.64","5,960,908.00",231.58,United States,New York Stock Exchange Inc.,USD,1.00,USD,-,20240514
66,ETN,EATON PLC,Industrials,Equity,"1,367,602,022.25",0.30,"1,367,602,022.25","4,138,605.00",330.45,United States,New York Stock Exchange Inc.,USD,1.00,USD,-,20240514
67,BKNG,BOOKING HOLDINGS INC,Consumer Discretionary,Equity,"1,364,473,839.60",0.30,"1,364,473,839.60","361,656.00","3,772.85",United States,NASDAQ,USD,1.00,USD,-,20240514
68,INTC,INTEL CORPORATION CORP,Information Technology,Equity,"1,360,667,448.90",0.30,"1,360,667,448.90","43,821,818.00",31.05,United States,NASDAQ,USD,1.00,USD,-,20240514
69,ELV,ELEVANCE HEALTH INC,Health Care,Equity,"1,301,963,053.80",0.28,"1,301,963,053.80","2,435,260.00",534.63,United States,New York Stock Exchange Inc.,USD,1.00,USD,-,20240514
70,PGR,PROGRESSIVE CORP,Financials,Equity,"1,296,224,995.27",0.28,"1,296,224,995.27","6,066,481.00",213.67,United States,New York Stock Exchange Inc.,USD,1.00,USD,-,20240514
71,MS,MORGAN STANLEY,Financials,Equity,"1,290,430,020.28",0.28,"1,290,430,020.28","12,984,806.00",99.38,United States,New York Stock Exchange Inc.,USD,1.00,USD,-,20240514
72,T,AT&T INC,Communication,Equity,"1,282,058,781.20",0.28,"1,282,058,781.20","74,107,444.00",17.30,United States,New York Stock Exchange Inc.,USD,1.00,USD,-,20240514
73,C,CITIGROUP INC,Financials,Equity,"1,254,308,998.19",0.27,"1,254,308,998.19","19,724,941.00",63.59,United States,New York Stock Exchange Inc.,USD,1.00,USD,-,20240514
74,LRCX,LAM RESEARCH CORP,Information Technology,Equity,"1,239,971,215.02",0.27,"1,239,971,215.02","1,358,813.00",912.54,United States,NASDAQ,USD,1.00,USD,-,20240514
75,SCHW,CHARLES SCHWAB CORP,Financials,Equity,"1,188,791,571.03",0.26,"1,188,791,571.03","15,424,829.00",77.07,United States,New York Stock Exchange Inc.,USD,1.00,USD,-,20240514
76,NKE,NIKE INC CLASS B,Consumer Discretionary,Equity,"1,170,659,053.80",0.26,"1,170,659,053.80","12,616,220.00",92.79,United States,New York Stock Exchange Inc.,USD,1.00,USD,-,20240514
77,TJX,TJX INC,Consumer Discretionary,Equity,"1,169,893,559.36",0.26,"1,169,893,559.36","11,812,334.00",99.04,United States,New York Stock Exchange Inc.,USD,1.00,USD,-,20240514
78,BLK,BLACKROCK INC,Financials,Equity,"1,163,727,519.12",0.25,"1,163,727,519.12","1,449,297.00",802.96,United States,New York Stock Exchange Inc.,USD,1.00,USD,-,20240514
79,MDT,MEDTRONIC PLC,Health Care,Equity,"1,161,780,871.50",0.25,"1,161,780,871.50","13,781,505.00",84.30,United States,New York Stock Exchange Inc.,USD,1.00,USD,-,20240514
80,VRTX,VERTEX PHARMACEUTICALS INC,Health Care,Equity,"1,144,791,748.35",0.25,"1,144,791,748.35","2,671,065.00",428.59,United States,NASDAQ,USD,1.00,USD,-,20240514
81,SYK,STRYKER CORP,Health Care,Equity,"1,136,624,800.80",0.25,"1,136,624,800.80","3,504,856.00",324.30,United States,New York Stock Exchange Inc.,USD,1.00,USD,-,20240514
82,BSX,BOSTON SCIENTIFIC CORP,Health Care,Equity,"1,115,874,658.66",0.24,"1,115,874,658.66","15,184,034.00",73.49,United States,New York Stock Exchange Inc.,USD,1.00,USD,-,20240514
83,DE,DEERE,Industrials,Equity,"1,114,020,983.50",0.24,"1,114,020,983.50","2,698,825.00",412.78,United States,New York Stock Exchange Inc.,USD,1.00,USD,-,20240514
84,UPS,UNITED PARCEL SERVICE INC CLASS B,Industrials,Equity,"1,109,001,290.54",0.24,"1,109,001,290.54","7,496,291.00",147.94,United States,New York Stock Exchange Inc.,USD,1.00,USD,-,20240514
85,ADI,ANALOG DEVICES INC,Information Technology,Equity,"1,089,225,785.28",0.24,"1,089,225,785.28","5,139,312.00",211.94,United States,NASDAQ,USD,1.00,USD,-,20240514
86,REGN,REGENERON PHARMACEUTICALS INC,Health Care,Equity,"1,078,149,291.52",0.24,"1,078,149,291.52","1,094,968.00",984.64,United States,NASDAQ,USD,1.00,USD,-,20240514
87,BA,BOEING,Industrials,Equity,"1,074,520,589.60",0.23,"1,074,520,589.60","5,944,460.00",180.76,United States,New York Stock Exchange Inc.,USD,1.00,USD,-,20240514
88,CB,CHUBB LTD,Financials,Equity,"1,063,419,592.28",0.23,"1,063,419,592.28","4,200,583.00",253.16,United States,New York Stock Exchange Inc.,USD,1.00,USD,-,20240514
89,CI,CIGNA,Health Care,Equity,"1,050,222,460.90",0.23,"1,050,222,460.90","3,031,645.00",346.42,United States,New York Stock Exchange Inc.,USD,1.00,USD,-,20240514
90,MMC,MARSH & MCLENNAN INC,Financials,Equity,"1,045,726,985.62",0.23,"1,045,726,985.62","5,099,366.00",205.07,United States,New York Stock Exchange Inc.,USD,1.00,USD,-,20240514
91,ADP,AUTOMATIC DATA PROCESSING INC,Industrials,Equity,"1,045,272,715.00",0.23,"1,045,272,715.00","4,257,730.00",245.50,United States,NASDAQ,USD,1.00,USD,-,20240514
92,LMT,LOCKHEED MARTIN CORP,Industrials,Equity,"1,041,351,227.70",0.23,"1,041,351,227.70","2,229,015.00",467.18,United States,New York Stock Exchange Inc.,USD,1.00,USD,-,20240514
93,PLD,PROLOGIS REIT INC,Real Estate,Equity,"1,036,966,158.80",0.23,"1,036,966,158.80","9,576,710.00",108.28,United States,New York Stock Exchange Inc.,USD,1.00,USD,-,20240514
94,KLAC,KLA CORP,Information Technology,Equity,"1,023,142,002.56",0.22,"1,023,142,002.56","1,401,718.00",729.92,United States,NASDAQ,USD,1.00,USD,-,20240514
95,MDLZ,MONDELEZ INTERNATIONAL INC CLASS A,Consumer Staples,Equity,"1,003,845,369.45",0.22,"1,003,845,369.45","13,955,865.00",71.93,United States,NASDAQ,USD,1.00,USD,-,20240514
96,PANW,PALO ALTO NETWORKS INC,Information Technology,Equity,"985,428,196.90",0.22,"985,428,196.90","3,267,985.00",301.54,United States,NASDAQ,USD,1.00,USD,-,20240514
97,FI,FISERV INC,Financials,Equity,"956,011,007.20",0.21,"956,011,007.20","6,220,790.00",153.68,United States,New York Stock Exchange Inc.,USD,1.00,USD,-,20240514
98,BMY,BRISTOL MYERS SQUIBB,Health Care,Equity,"942,918,072.66",0.21,"942,918,072.66","21,089,646.00",44.71,United States,New York Stock Exchange Inc.,USD,1.00,USD,-,20240514
99,BX,BLACKSTONE INC,Financials,Equity,"939,227,407.17",0.21,"939,227,407.17","7,455,961.00",125.97,United States,New York Stock Exchange Inc.,USD,1.00,USD,-,20240514
100,AMT,AMERICAN TOWER REIT CORP,Real Estate,Equity,"903,327,340.56",0.20,"903,327,340.56","4,831,661.00",186.96,United States,New York Stock Exchange Inc.,USD,1.00,USD,-,20240514
101,CMG,CHIPOTLE MEXICAN GRILL INC,Consumer Discretionary,Equity,"902,660,310.51",0.20,"902,660,310.51","284,153.00","3,176.67",United States,New York Stock Exchange Inc.,USD,1.00,USD,-,20240514
102,SO,SOUTHERN,Utilities,Equity,"889,730,362.55",0.19,"889,730,362.55","11,303,905.00",78.71,United States,New York Stock Exchange Inc.,USD,1.00,USD,-,20240514
103,SBUX,STARBUCKS CORP,Consumer Discretionary,Equity,"887,511,394.56",0.19,"887,511,394.56","11,734,912.00",75.63,United States,NASDAQ,USD,1.00,USD,-,20240514
104,SNPS,SYNOPSYS INC,Information Technology,Equity,"884,686,608.46",0.19,"884,686,608.46","1,580,842.00",559.63,United States,NASDAQ,USD,1.00,USD,-,20240514
105,TMUS,T MOBILE US INC,Communication,Equity,"879,061,015.64",0.19,"879,061,015.64","5,412,604.00",162.41,United States,NASDAQ,USD,1.00,USD,-,20240514
106,GILD,GILEAD SCIENCES INC,Health Care,Equity,"873,661,730.70",0.19,"873,661,730.70","12,914,438.00",67.65,United States,NASDAQ,USD,1.00,USD,-,20240514
107,MO,ALTRIA GROUP INC,Consumer Staples,Equity,"831,634,440.00",0.18,"831,634,440.00","18,277,680.00",45.50,United States,New York Stock Exchange Inc.,USD,1.00,USD,-,20240514
108,ANET,ARISTA NETWORKS INC,Information Technology,Equity,"819,206,523.56",0.18,"819,206,523.56","2,611,766.00",313.66,United States,New York Stock Exchange Inc.,USD,1.00,USD,-,20240514
109,DUK,DUKE ENERGY CORP,Utilities,Equity,"817,584,582.88",0.18,"817,584,582.88","7,991,248.00",102.31,United States,New York Stock Exchange Inc.,USD,1.00,USD,-,20240514
110,CL,COLGATE-PALMOLIVE,Consumer Staples,Equity,"807,063,217.10",0.18,"807,063,217.10","8,534,030.00",94.57,United States,New York Stock Exchange Inc.,USD,1.00,USD,-,20240514
111,ZTS,ZOETIS INC CLASS A,Health Care,Equity,"803,591,874.54",0.18,"803,591,874.54","4,758,642.00",168.87,United States,New York Stock Exchange Inc.,USD,1.00,USD,-,20240514
112,APH,AMPHENOL CORP CLASS A,Information Technology,Equity,"799,307,915.52",0.17,"799,307,915.52","6,217,392.00",128.56,United States,New York Stock Exchange Inc.,USD,1.00,USD,-,20240514
113,CDNS,CADENCE DESIGN SYSTEMS INC,Information Technology,Equity,"798,934,217.33",0.17,"798,934,217.33","2,819,801.00",283.33,United States,NASDAQ,USD,1.00,USD,-,20240514
114,ICE,INTERCONTINENTAL EXCHANGE INC,Financials,Equity,"797,593,226.85",0.17,"797,593,226.85","5,934,915.00",134.39,United States,New York Stock Exchange Inc.,USD,1.00,USD,-,20240514
115,WM,WASTE MANAGEMENT INC,Industrials,Equity,"797,222,463.80",0.17,"797,222,463.80","3,798,830.00",209.86,United States,New York Stock Exchange Inc.,USD,1.00,USD,-,20240514
116,FCX,FREEPORT MCMORAN INC,Materials,Equity,"794,859,709.56",0.17,"794,859,709.56","14,862,747.00",53.48,United States,New York Stock Exchange Inc.,USD,1.00,USD,-,20240514
117,CME,CME GROUP INC CLASS A,Financials,Equity,"786,551,716.00",0.17,"786,551,716.00","3,731,270.00",210.80,United States,NASDAQ,USD,1.00,USD,-,20240514
118,EOG,EOG RESOURCES INC,Energy,Equity,"782,306,371.49",0.17,"782,306,371.49","6,044,243.00",129.43,United States,New York Stock Exchange Inc.,USD,1.00,USD,-,20240514
119,TT,TRANE TECHNOLOGIES PLC,Industrials,Equity,"778,492,058.28",0.17,"778,492,058.28","2,358,638.00",330.06,United States,New York Stock Exchange Inc.,USD,1.00,USD,-,20240514
120,EQIX,EQUINIX REIT INC,Real Estate,Equity,"768,550,937.22",0.17,"768,550,937.22","973,071.00",789.82,United States,NASDAQ,USD,1.00,USD,-,20240514
121,SHW,SHERWIN WILLIAMS,Materials,Equity,"766,501,520.95",0.17,"766,501,520.95","2,440,699.00",314.05,United States,New York Stock Exchange Inc.,USD,1.00,USD,-,20240514
122,TGT,TARGET CORP,Consumer Staples,Equity,"760,613,585.52",0.17,"760,613,585.52","4,784,937.00",158.96,United States,New York Stock Exchange Inc.,USD,1.00,USD,-,20240514
123,MCK,MCKESSON CORP,Health Care,Equity,"751,221,623.10",0.16,"751,221,623.10","1,361,945.00",551.58,United States,New York Stock Exchange Inc.,USD,1.00,USD,-,20240514
124,TDG,TRANSDIGM GROUP INC,Industrials,Equity,"735,242,836.01",0.16,"735,242,836.01","576,313.00","1,275.77",United States,New York Stock Exchange Inc.,USD,1.00,USD,-,20240514
125,PH,PARKER-HANNIFIN CORP,Industrials,Equity,"731,273,376.00",0.16,"731,273,376.00","1,331,040.00",549.40,United States,New York Stock Exchange Inc.,USD,1.00,USD,-,20240514
126,CVS,CVS HEALTH CORP,Health Care,Equity,"730,430,904.00",0.16,"730,430,904.00","13,043,409.00",56.00,United States,New York Stock Exchange Inc.,USD,1.00,USD,-,20240514
127,CEG,CONSTELLATION ENERGY CORP,Utilities,Equity,"720,767,956.02",0.16,"720,767,956.02","3,310,223.00",217.74,United States,NASDAQ,USD,1.00,USD,-,20240514
128,SLB,SCHLUMBERGER NV,Energy,Equity,"719,309,270.68",0.16,"719,309,270.68","14,794,514.00",48.62,United States,New York Stock Exchange Inc.,USD,1.00,USD,-,20240514
129,PYPL,PAYPAL HOLDINGS INC,Financials,Equity,"717,373,497.36",0.16,"717,373,497.36","11,108,292.00",64.58,United States,NASDAQ,USD,1.00,USD,-,20240514
130,NXPI,NXP SEMICONDUCTORS NV,Information Technology,Equity,"715,110,433.92",0.16,"715,110,433.92","2,671,712.00",267.66,United States,NASDAQ,USD,1.00,USD,-,20240514
131,BDX,BECTON DICKINSON,Health Care,Equity,"703,668,960.00",0.15,"703,668,960.00","2,994,336.00",235.00,United States,New York Stock Exchange Inc.,USD,1.00,USD,-,20240514
132,ITW,ILLINOIS TOOL INC,Industrials,Equity,"702,807,703.60",0.15,"702,807,703.60","2,818,220.00",249.38,United States,New York Stock Exchange Inc.,USD,1.00,USD,-,20240514
133,CSX,CSX CORP,Industrials,Equity,"694,953,852.84",0.15,"694,953,852.84","20,481,988.00",33.93,United States,NASDAQ,USD,1.00,USD,-,20240514
134,NOC,NORTHROP GRUMMAN CORP,Industrials,Equity,"692,974,666.92",0.15,"692,974,666.92","1,461,756.00",474.07,United States,New York Stock Exchange Inc.,USD,1.00,USD,-,20240514
135,GD,GENERAL DYNAMICS CORP,Industrials,Equity,"691,955,526.60",0.15,"691,955,526.60","2,353,110.00",294.06,United States,New York Stock Exchange Inc.,USD,1.00,USD,-,20240514
136,EMR,EMERSON ELECTRIC,Industrials,Equity,"677,585,384.65",0.15,"677,585,384.65","5,925,539.00",114.35,United States,New York Stock Exchange Inc.,USD,1.00,USD,-,20240514
137,USB,US BANCORP,Financials,Equity,"676,985,198.65",0.15,"676,985,198.65","16,137,907.00",41.95,United States,New York Stock Exchange Inc.,USD,1.00,USD,-,20240514
138,MPC,MARATHON PETROLEUM CORP,Energy,Equity,"665,604,698.85",0.15,"665,604,698.85","3,814,135.00",174.51,United States,New York Stock Exchange Inc.,USD,1.00,USD,-,20240514
139,ABNB,AIRBNB INC CLASS A,Consumer Discretionary,Equity,"662,274,069.30",0.14,"662,274,069.30","4,514,479.00",146.70,United States,NASDAQ,USD,1.00,USD,-,20240514
140,HCA,HCA HEALTHCARE INC,Health Care,Equity,"657,957,014.00",0.14,"657,957,014.00","2,052,908.00",320.50,United States,New York Stock Exchange Inc.,USD,1.00,USD,-,20240514
141,PNC,PNC FINANCIAL SERVICES GROUP INC,Financials,Equity,"657,587,484.80",0.14,"657,587,484.80","4,125,392.00",159.40,United States,New York Stock Exchange Inc.,USD,1.00,USD,-,20240514
142,MCO,MOODYS CORP,Financials,Equity,"655,913,964.10",0.14,"655,913,964.10","1,631,221.00",402.10,United States,New York Stock Exchange Inc.,USD,1.00,USD,-,20240514
143,PSX,PHILLIPS,Energy,Equity,"645,560,382.35",0.14,"645,560,382.35","4,456,751.00",144.85,United States,New York Stock Exchange Inc.,USD,1.00,USD,-,20240514
144,MSI,MOTOROLA SOLUTIONS INC,Information Technology,Equity,"621,082,903.65",0.14,"621,082,903.65","1,720,213.00",361.05,United States,New York Stock Exchange Inc.,USD,1.00,USD,-,20240514
145,FDX,FEDEX CORP,Industrials,Equity,"617,251,909.76",0.13,"617,251,909.76","2,382,844.00",259.04,United States,New York Stock Exchange Inc.,USD,1.00,USD,-,20240514
146,ORLY,OREILLY AUTOMOTIVE INC,Consumer Discretionary,Equity,"616,381,844.49",0.13,"616,381,844.49","612,237.00","1,006.77",United States,NASDAQ,USD,1.00,USD,"Jan 01, 1970",20240514
147,CTAS,CINTAS CORP,Industrials,Equity,"614,126,415.50",0.13,"614,126,415.50","893,015.00",687.70,United States,NASDAQ,USD,1.00,USD,-,20240514
148,ECL,ECOLAB INC,Materials,Equity,"609,953,119.80",0.13,"609,953,119.80","2,630,242.00",231.90,United States,New York Stock Exchange Inc.,USD,1.00,USD,-,20240514
149,MAR,MARRIOTT INTERNATIONAL INC CLASS A,Consumer Discretionary,Equity,"603,109,447.59",0.13,"603,109,447.59","2,556,957.00",235.87,United States,NASDAQ,USD,1.00,USD,-,20240514
150,AON,AON PLC CLASS A,Financials,Equity,"597,466,822.88",0.13,"597,466,822.88","2,075,114.00",287.92,United States,New York Stock Exchange Inc.,USD,1.00,USD,-,20240514
151,PCAR,PACCAR INC,Industrials,Equity,"586,179,715.92",0.13,"586,179,715.92","5,421,566.00",108.12,United States,NASDAQ,USD,1.00,USD,-,20240514
152,AIG,AMERICAN INTERNATIONAL GROUP INC,Financials,Equity,"578,031,337.44",0.13,"578,031,337.44","7,276,326.00",79.44,United States,New York Stock Exchange Inc.,USD,1.00,USD,-,20240514
153,ROP,ROPER TECHNOLOGIES INC,Information Technology,Equity,"576,677,038.41",0.13,"576,677,038.41","1,107,227.00",520.83,United States,NASDAQ,USD,1.00,USD,-,20240514
154,MMM,3M,Industrials,Equity,"573,305,377.68",0.13,"573,305,377.68","5,728,471.00",100.08,United States,New York Stock Exchange Inc.,USD,1.00,USD,-,20240514
155,APD,AIR PRODUCTS AND CHEMICALS INC,Materials,Equity,"572,727,726.48",0.13,"572,727,726.48","2,304,183.00",248.56,United States,New York Stock Exchange Inc.,USD,1.00,USD,-,20240514
156,WELL,WELLTOWER INC,Real Estate,Equity,"566,886,859.20",0.12,"566,886,859.20","5,736,560.00",98.82,United States,New York Stock Exchange Inc.,USD,1.00,USD,-,20240514
157,COF,CAPITAL ONE FINANCIAL CORP,Financials,Equity,"564,133,820.88",0.12,"564,133,820.88","3,942,786.00",143.08,United States,New York Stock Exchange Inc.,USD,1.00,USD,-,20240514
158,AJG,ARTHUR J GALLAGHER,Financials,Equity,"563,372,854.40",0.12,"563,372,854.40","2,247,020.00",250.72,United States,New York Stock Exchange Inc.,USD,1.00,USD,-,20240514
159,CARR,CARRIER GLOBAL CORP,Industrials,Equity,"562,519,496.00",0.12,"562,519,496.00","8,659,475.00",64.96,United States,New York Stock Exchange Inc.,USD,1.00,USD,-,20240514
160,VLO,VALERO ENERGY CORP,Energy,Equity,"550,228,475.77",0.12,"550,228,475.77","3,528,689.00",155.93,United States,New York Stock Exchange Inc.,USD,1.00,USD,-,20240514
161,TFC,TRUIST FINANCIAL CORP,Financials,Equity,"544,520,033.46",0.12,"544,520,033.46","13,823,814.00",39.39,United States,New York Stock Exchange Inc.,USD,1.00,USD,-,20240514
162,EW,EDWARDS LIFESCIENCES CORP,Health Care,Equity,"543,510,990.66",0.12,"543,510,990.66","6,286,271.00",86.46,United States,New York Stock Exchange Inc.,USD,1.00,USD,-,20240514
163,GM,GENERAL MOTORS,Consumer Discretionary,Equity,"538,797,819.24",0.12,"538,797,819.24","11,965,308.00",45.03,United States,New York Stock Exchange Inc.,USD,1.00,USD,-,20240514
164,NSC,NORFOLK SOUTHERN CORP,Industrials,Equity,"538,353,233.38",0.12,"538,353,233.38","2,341,277.00",229.94,United States,New York Stock Exchange Inc.,USD,1.00,USD,-,20240514
165,HLT,HILTON WORLDWIDE HOLDINGS INC,Consumer Discretionary,Equity,"536,554,013.60",0.12,"536,554,013.60","2,613,512.00",205.30,United States,New York Stock Exchange Inc.,USD,1.00,USD,-,20240514
166,MCHP,MICROCHIP TECHNOLOGY INC,Information Technology,Equity,"525,702,069.62",0.11,"525,702,069.62","5,600,917.00",93.86,United States,NASDAQ,USD,1.00,USD,-,20240514
167,AZO,AUTOZONE INC,Consumer Discretionary,Equity,"523,447,220.25",0.11,"523,447,220.25","179,175.00","2,921.43",United States,New York Stock Exchange Inc.,USD,1.00,USD,-,20240514
168,TRV,TRAVELERS COMPANIES INC,Financials,Equity,"514,646,043.90",0.11,"514,646,043.90","2,365,210.00",217.59,United States,New York Stock Exchange Inc.,USD,1.00,USD,-,20240514
169,WMB,WILLIAMS INC,Energy,Equity,"508,883,176.72",0.11,"508,883,176.72","12,608,602.00",40.36,United States,New York Stock Exchange Inc.,USD,1.00,USD,-,20240514
170,NEM,NEWMONT,Materials,Equity,"508,507,845.12",0.11,"508,507,845.12","11,945,216.00",42.57,United States,New York Stock Exchange Inc.,USD,1.00,USD,-,20240514
171,SPG,SIMON PROPERTY GROUP REIT INC,Real Estate,Equity,"505,135,951.28",0.11,"505,135,951.28","3,377,932.00",149.54,United States,New York Stock Exchange Inc.,USD,1.00,USD,-,20240514
172,DXCM,DEXCOM INC,Health Care,Equity,"503,346,391.08",0.11,"503,346,391.08","3,995,764.00",125.97,United States,NASDAQ,USD,1.00,USD,-,20240514
173,F,FORD MOTOR CO,Consumer Discretionary,Equity,"503,210,576.84",0.11,"503,210,576.84","40,451,011.00",12.44,United States,New York Stock Exchange Inc.,USD,1.00,USD,-,20240514
174,SRE,SEMPRA,Utilities,Equity,"499,838,102.61",0.11,"499,838,102.61","6,522,747.00",76.63,United States,New York Stock Exchange Inc.,USD,1.00,USD,-,20240514
175,AEP,AMERICAN ELECTRIC POWER INC,Utilities,Equity,"494,846,173.92",0.11,"494,846,173.92","5,450,448.00",90.79,United States,NASDAQ,USD,1.00,USD,-,20240514
176,OKE,ONEOK INC,Energy,Equity,"493,175,753.68",0.11,"493,175,753.68","6,037,901.00",81.68,United States,New York Stock Exchange Inc.,USD,1.00,USD,-,20240514
177,CPRT,COPART INC,Industrials,Equity,"492,689,648.00",0.11,"492,689,648.00","9,056,795.00",54.40,United States,NASDAQ,USD,1.00,USD,-,20240514
178,XTSLA,BLK CSH FND TREASURY SL AGENCY,Cash and/or Derivatives,Money Market,"487,822,794.59",0.11,"487,822,794.59","487,822,795.00",1.00,United States,-,USD,1.00,USD,-,20240514
179,URI,UNITED RENTALS INC,Industrials,Equity,"483,638,630.58",0.11,"483,638,630.58","696,414.00",694.47,United States,New York Stock Exchange Inc.,USD,1.00,USD,-,20240514
180,ADSK,AUTODESK INC,Information Technology,Equity,"478,552,304.95",0.10,"478,552,304.95","2,217,265.00",215.83,United States,NASDAQ,USD,1.00,USD,-,20240514
181,TEL,TE CONNECTIVITY LTD,Information Technology,Equity,"477,815,185.36",0.10,"477,815,185.36","3,200,584.00",149.29,United States,New York Stock Exchange Inc.,USD,1.00,USD,-,20240514
182,DLR,DIGITAL REALTY TRUST REIT INC,Real Estate,Equity,"474,701,862.20",0.10,"474,701,862.20","3,346,270.00",141.86,United States,New York Stock Exchange Inc.,USD,1.00,USD,-,20240514
183,O,REALTY INCOME REIT CORP,Real Estate,Equity,"472,967,218.86",0.10,"472,967,218.86","8,619,778.00",54.87,United States,New York Stock Exchange Inc.,USD,1.00,USD,-,20240514
184,JCI,JOHNSON CONTROLS INTERNATIONAL PLC,Industrials,Equity,"472,403,201.60",0.10,"472,403,201.60","7,063,445.00",66.88,United States,New York Stock Exchange Inc.,USD,1.00,USD,-,20240514
185,KMB,KIMBERLY CLARK CORP,Consumer Staples,Equity,"471,729,750.80",0.10,"471,729,750.80","3,491,708.00",135.10,United States,New York Stock Exchange Inc.,USD,1.00,USD,-,20240514
186,AFL,AFLAC INC,Financials,Equity,"470,868,679.20",0.10,"470,868,679.20","5,456,184.00",86.30,United States,New York Stock Exchange Inc.,USD,1.00,USD,-,20240514
187,FIS,FIDELITY NATIONAL INFORMATION SERV,Financials,Equity,"469,100,753.74",0.10,"469,100,753.74","6,140,866.00",76.39,United States,New York Stock Exchange Inc.,USD,1.00,USD,-,20240514
188,GEV,GE VERNOVA INC,Industrials,Equity,"467,080,243.86",0.10,"467,080,243.86","2,820,022.00",165.63,United States,New York Stock Exchange Inc.,USD,1.00,USD,-,20240514
189,MET,METLIFE INC,Financials,Equity,"466,443,305.65",0.10,"466,443,305.65","6,362,615.00",73.31,United States,New York Stock Exchange Inc.,USD,1.00,USD,-,20240514
190,ROST,ROSS STORES INC,Consumer Discretionary,Equity,"463,616,165.74",0.10,"463,616,165.74","3,489,509.00",132.86,United States,NASDAQ,USD,1.00,USD,-,20240514
191,ALL,ALLSTATE CORP,Financials,Equity,"460,006,656.60",0.10,"460,006,656.60","2,720,645.00",169.08,United States,New York Stock Exchange Inc.,USD,1.00,USD,-,20240514
192,A,AGILENT TECHNOLOGIES INC,Health Care,Equity,"459,488,946.48",0.10,"459,488,946.48","3,037,341.00",151.28,United States,New York Stock Exchange Inc.,USD,1.00,USD,-,20240514
193,BK,BANK OF NEW YORK MELLON CORP,Financials,Equity,"459,239,532.15",0.10,"459,239,532.15","7,870,429.00",58.35,United States,New York Stock Exchange Inc.,USD,1.00,USD,-,20240514
194,PSA,PUBLIC STORAGE REIT,Real Estate,Equity,"458,970,729.91",0.10,"458,970,729.91","1,640,177.00",279.83,United States,New York Stock Exchange Inc.,USD,1.00,USD,-,20240514
195,D,DOMINION ENERGY INC,Utilities,Equity,"458,290,619.84",0.10,"458,290,619.84","8,673,176.00",52.84,United States,New York Stock Exchange Inc.,USD,1.00,USD,-,20240514
196,DHI,D R HORTON INC,Consumer Discretionary,Equity,"458,097,148.00",0.10,"458,097,148.00","3,095,251.00",148.00,United States,New York Stock Exchange Inc.,USD,1.00,USD,-,20240514
197,CCI,CROWN CASTLE INC,Real Estate,Equity,"454,259,950.18",0.10,"454,259,950.18","4,494,953.00",101.06,United States,New York Stock Exchange Inc.,USD,1.00,USD,-,20240514
198,AMP,AMERIPRISE FINANCE INC,Financials,Equity,"452,126,337.39",0.10,"452,126,337.39","1,038,583.00",435.33,United States,New York Stock Exchange Inc.,USD,1.00,USD,-,20240514
199,HES,HESS CORP,Energy,Equity,"452,141,221.28",0.10,"452,141,221.28","2,852,986.00",158.48,United States,New York Stock Exchange Inc.,USD,1.00,USD,-,20240514
200,IDXX,IDEXX LABORATORIES INC,Health Care,Equity,"448,631,936.76",0.10,"448,631,936.76","860,916.00",521.11,United States,NASDAQ,USD,1.00,USD,-,20240514
201,PRU,PRUDENTIAL FINANCIAL INC,Financials,Equity,"444,802,715.68",0.10,"444,802,715.68","3,741,611.00",118.88,United States,New York Stock Exchange Inc.,USD,1.00,USD,-,20240514
202,MRNA,MODERNA INC,Health Care,Equity,"441,190,722.24",0.10,"441,190,722.24","3,438,207.00",128.32,United States,NASDAQ,USD,1.00,USD,-,20240514
203,NUE,NUCOR CORP,Materials,Equity,"439,860,099.42",0.10,"439,860,099.42","2,548,141.00",172.62,United States,New York Stock Exchange Inc.,USD,1.00,USD,-,20240514
204,IQV,IQVIA HOLDINGS INC,Health Care,Equity,"437,220,956.90",0.10,"437,220,956.90","1,891,585.00",231.14,United States,New York Stock Exchange Inc.,USD,1.00,USD,-,20240514
205,HUM,HUMANA INC,Health Care,Equity,"436,424,313.00",0.10,"436,424,313.00","1,266,834.00",344.50,United States,New York Stock Exchange Inc.,USD,1.00,USD,-,20240514
206,GWW,WW GRAINGER INC,Industrials,Equity,"435,158,938.35",0.10,"435,158,938.35","457,797.00",950.55,United States,New York Stock Exchange Inc.,USD,1.00,USD,-,20240514
207,LHX,L3HARRIS TECHNOLOGIES INC,Industrials,Equity,"434,414,307.60",0.09,"434,414,307.60","1,964,520.00",221.13,United States,New York Stock Exchange Inc.,USD,1.00,USD,-,20240514
208,DOW,DOW INC,Materials,Equity,"434,199,329.05",0.09,"434,199,329.05","7,279,117.00",59.65,United States,New York Stock Exchange Inc.,USD,1.00,USD,-,20240514
209,OXY,OCCIDENTAL PETROLEUM CORP,Energy,Equity,"430,183,653.90",0.09,"430,183,653.90","6,821,815.00",63.06,United States,New York Stock Exchange Inc.,USD,1.00,USD,-,20240514
210,SMCI,SUPER MICRO COMPUTER INC,Information Technology,Equity,"429,185,856.93",0.09,"429,185,856.93","521,889.00",822.37,United States,NASDAQ,USD,1.00,USD,-,20240514
211,USD,USD CASH,Cash and/or Derivatives,Cash,"429,075,001.26",0.09,"429,075,001.26","429,075,001.00",100.00,United States,-,USD,1.00,USD,-,20240514
212,CNC,CENTENE CORP,Health Care,Equity,"425,847,347.06",0.09,"425,847,347.06","5,539,838.00",76.87,United States,New York Stock Exchange Inc.,USD,1.00,USD,-,20240514
213,STZ,CONSTELLATION BRANDS INC CLASS A,Consumer Staples,Equity,"423,472,955.18",0.09,"423,472,955.18","1,667,282.00",253.99,United States,New York Stock Exchange Inc.,USD,1.00,USD,-,20240514
214,LULU,LULULEMON ATHLETICA INC,Consumer Discretionary,Equity,"419,345,476.65",0.09,"419,345,476.65","1,190,139.00",352.35,United States,NASDAQ,USD,1.00,USD,-,20240514
215,CTVA,CORTEVA INC,Materials,Equity,"418,600,686.85",0.09,"418,600,686.85","7,273,687.00",57.55,United States,New York Stock Exchange Inc.,USD,1.00,USD,-,20240514
216,MNST,MONSTER BEVERAGE CORP,Consumer Staples,Equity,"417,123,559.44",0.09,"417,123,559.44","7,656,453.00",54.48,United States,NASDAQ,USD,1.00,USD,-,20240514
217,GIS,GENERAL MILLS INC,Consumer Staples,Equity,"417,016,085.85",0.09,"417,016,085.85","5,885,901.00",70.85,United States,New York Stock Exchange Inc.,USD,1.00,USD,-,20240514
218,CMI,CUMMINS INC,Industrials,Equity,"416,991,930.60",0.09,"416,991,930.60","1,412,670.00",295.18,United States,New York Stock Exchange Inc.,USD,1.00,USD,-,20240514
219,LEN,LENNAR A CORP,Consumer Discretionary,Equity,"415,841,734.98",0.09,"415,841,734.98","2,561,706.00",162.33,United States,New York Stock Exchange Inc.,USD,1.00,USD,-,20240514
220,PAYX,PAYCHEX INC,Industrials,Equity,"410,619,716.52",0.09,"410,619,716.52","3,319,212.00",123.71,United States,NASDAQ,USD,1.00,USD,-,20240514
221,OTIS,OTIS WORLDWIDE CORP,Industrials,Equity,"407,935,024.81",0.09,"407,935,024.81","4,202,483.00",97.07,United States,New York Stock Exchange Inc.,USD,1.00,USD,-,20240514
222,AME,AMETEK INC,Industrials,Equity,"403,166,061.03",0.09,"403,166,061.03","2,392,251.00",168.53,United States,New York Stock Exchange Inc.,USD,1.00,USD,-,20240514
223,YUM,YUM BRANDS INC,Consumer Discretionary,Equity,"400,424,088.63",0.09,"400,424,088.63","2,912,387.00",137.49,United States,New York Stock Exchange Inc.,USD,1.00,USD,-,20240514
224,MSCI,MSCI INC,Financials,Equity,"400,116,945.97",0.09,"400,116,945.97","819,727.00",488.11,United States,New York Stock Exchange Inc.,USD,1.00,USD,-,20240514
225,FAST,FASTENAL,Industrials,Equity,"398,739,987.09",0.09,"398,739,987.09","5,930,983.00",67.23,United States,NASDAQ,USD,1.00,USD,-,20240514
226,PCG,PG&E CORP,Utilities,Equity,"398,258,335.78",0.09,"398,258,335.78","22,113,178.00",18.01,United States,New York Stock Exchange Inc.,USD,1.00,USD,-,20240514
227,FTNT,FORTINET INC,Information Technology,Equity,"397,688,062.80",0.09,"397,688,062.80","6,606,114.00",60.20,United States,NASDAQ,USD,1.00,USD,-,20240514
228,RSG,REPUBLIC SERVICES INC,Industrials,Equity,"397,110,780.22",0.09,"397,110,780.22","2,119,733.00",187.34,United States,New York Stock Exchange Inc.,USD,1.00,USD,-,20240514
229,PWR,QUANTA SERVICES INC,Industrials,Equity,"396,599,881.28",0.09,"396,599,881.28","1,505,923.00",263.36,United States,New York Stock Exchange Inc.,USD,1.00,USD,-,20240514
230,EXC,EXELON CORP,Utilities,Equity,"396,184,473.60",0.09,"396,184,473.60","10,317,304.00",38.40,United States,NASDAQ,USD,1.00,USD,-,20240514
231,SYY,SYSCO CORP,Consumer Staples,Equity,"391,585,418.12",0.09,"391,585,418.12","5,159,908.00",75.89,United States,New York Stock Exchange Inc.,USD,1.00,USD,-,20240514
232,KMI,KINDER MORGAN INC,Energy,Equity,"389,042,723.97",0.09,"389,042,723.97","20,043,417.00",19.41,United States,New York Stock Exchange Inc.,USD,1.00,USD,-,20240514
233,MLM,MARTIN MARIETTA MATERIALS INC,Materials,Equity,"388,307,486.42",0.08,"388,307,486.42","640,634.00",606.13,United States,New York Stock Exchange Inc.,USD,1.00,USD,-,20240514
234,IR,INGERSOLL RAND INC,Industrials,Equity,"384,059,182.36",0.08,"384,059,182.36","4,195,534.00",91.54,United States,New York Stock Exchange Inc.,USD,1.00,USD,-,20240514
235,COR,CENCORA INC,Health Care,Equity,"380,877,226.38",0.08,"380,877,226.38","1,716,127.00",221.94,United States,New York Stock Exchange Inc.,USD,1.00,USD,-,20240514
236,PEG,PUBLIC SERVICE ENTERPRISE GROUP IN,Utilities,Equity,"380,855,891.52",0.08,"380,855,891.52","5,164,848.00",73.74,United States,New York Stock Exchange Inc.,USD,1.00,USD,-,20240514
237,KR,KROGER,Consumer Staples,Equity,"379,229,257.84",0.08,"379,229,257.84","6,860,153.00",55.28,United States,New York Stock Exchange Inc.,USD,1.00,USD,-,20240514
238,ACGL,ARCH CAPITAL GROUP LTD,Financials,Equity,"376,457,317.50",0.08,"376,457,317.50","3,845,325.00",97.90,United States,NASDAQ,USD,1.00,USD,-,20240514
239,CSGP,COSTAR GROUP INC,Real Estate,Equity,"371,526,567.72",0.08,"371,526,567.72","4,232,474.00",87.78,United States,NASDAQ,USD,1.00,USD,-,20240514
240,VRSK,VERISK ANALYTICS INC,Industrials,Equity,"371,054,550.03",0.08,"371,054,550.03","1,502,671.00",246.93,United States,NASDAQ,USD,1.00,USD,-,20240514
241,KDP,KEURIG DR PEPPER INC,Consumer Staples,Equity,"368,858,247.66",0.08,"368,858,247.66","10,794,798.00",34.17,United States,NASDAQ,USD,1.00,USD,-,20240514
242,VMC,VULCAN MATERIALS,Materials,Equity,"368,731,912.50",0.08,"368,731,912.50","1,377,150.00",267.75,United States,New York Stock Exchange Inc.,USD,1.00,USD,-,20240514
243,KVUE,KENVUE INC,Consumer Staples,Equity,"368,522,189.56",0.08,"368,522,189.56","17,863,412.00",20.63,United States,New York Stock Exchange Inc.,USD,1.00,USD,-,20240514
244,FANG,DIAMONDBACK ENERGY INC,Energy,Equity,"367,416,220.45",0.08,"367,416,220.45","1,855,169.00",198.05,United States,NASDAQ,USD,1.00,USD,-,20240514
245,MPWR,MONOLITHIC POWER SYSTEMS INC,Information Technology,Equity,"355,324,092.05",0.08,"355,324,092.05","497,855.00",713.71,United States,NASDAQ,USD,1.00,USD,-,20240514
246,XYL,XYLEM INC,Industrials,Equity,"354,995,991.80",0.08,"354,995,991.80","2,498,740.00",142.07,United States,New York Stock Exchange Inc.,USD,1.00,USD,-,20240514
247,GEHC,GE HEALTHCARE TECHNOLOGIES INC,Health Care,Equity,"353,416,371.00",0.08,"353,416,371.00","4,389,175.00",80.52,United States,NASDAQ,USD,1.00,USD,-,20240514
248,IT,GARTNER INC,Information Technology,Equity,"352,678,272.23",0.08,"352,678,272.23","807,839.00",436.57,United States,New York Stock Exchange Inc.,USD,1.00,USD,-,20240514
249,DAL,DELTA AIR LINES INC,Industrials,Equity,"352,167,072.88",0.08,"352,167,072.88","6,637,148.00",53.06,United States,New York Stock Exchange Inc.,USD,1.00,USD,-,20240514
250,CTSH,COGNIZANT TECHNOLOGY SOLUTIONS COR,Information Technology,Equity,"349,856,840.34",0.08,"349,856,840.34","5,161,653.00",67.78,United States,NASDAQ,USD,1.00,USD,-,20240514
251,DD,DUPONT DE NEMOURS INC,Materials,Equity,"349,274,898.00",0.08,"349,274,898.00","4,457,880.00",78.35,United States,New York Stock Exchange Inc.,USD,1.00,USD,-,20240514
252,FICO,FAIR ISAAC CORP,Information Technology,Equity,"348,789,969.09",0.08,"348,789,969.09","257,613.00","1,353.93",United States,New York Stock Exchange Inc.,USD,1.00,USD,-,20240514
253,HAL,HALLIBURTON,Energy,Equity,"346,517,329.56",0.08,"346,517,329.56","9,225,701.00",37.56,United States,New York Stock Exchange Inc.,USD,1.00,USD,-,20240514
254,ED,CONSOLIDATED EDISON INC,Utilities,Equity,"345,789,806.72",0.08,"345,789,806.72","3,578,123.00",96.64,United States,New York Stock Exchange Inc.,USD,1.00,USD,-,20240514
255,RCL,ROYAL CARIBBEAN GROUP LTD,Consumer Discretionary,Equity,"344,286,694.40",0.08,"344,286,694.40","2,445,218.00",140.80,United States,New York Stock Exchange Inc.,USD,1.00,USD,-,20240514
256,ADM,ARCHER DANIELS MIDLAND,Consumer Staples,Equity,"340,931,556.07",0.07,"340,931,556.07","5,528,321.00",61.67,United States,New York Stock Exchange Inc.,USD,1.00,USD,-,20240514
257,BIIB,BIOGEN INC,Health Care,Equity,"340,718,628.16",0.07,"340,718,628.16","1,501,757.00",226.88,United States,NASDAQ,USD,1.00,USD,-,20240514
258,BKR,BAKER HUGHES CLASS A,Energy,Equity,"338,499,769.66",0.07,"338,499,769.66","10,373,882.00",32.63,United States,NASDAQ,USD,1.00,USD,-,20240514
259,ODFL,OLD DOMINION FREIGHT LINE INC,Industrials,Equity,"337,614,049.96",0.07,"337,614,049.96","1,855,634.00",181.94,United States,NASDAQ,USD,1.00,USD,-,20240514
260,MTD,METTLER TOLEDO INC,Health Care,Equity,"333,123,051.70",0.07,"333,123,051.70","222,655.00","1,496.14",United States,New York Stock Exchange Inc.,USD,1.00,USD,-,20240514
261,DVN,DEVON ENERGY CORP,Energy,Equity,"330,905,034.57",0.07,"330,905,034.57","6,640,679.00",49.83,United States,New York Stock Exchange Inc.,USD,1.00,USD,-,20240514
262,PPG,PPG INDUSTRIES INC,Materials,Equity,"330,880,633.44",0.07,"330,880,633.44","2,444,088.00",135.38,United States,New York Stock Exchange Inc.,USD,1.00,USD,-,20240514
263,RMD,RESMED INC,Health Care,Equity,"329,080,593.00",0.07,"329,080,593.00","1,524,580.00",215.85,United States,New York Stock Exchange Inc.,USD,1.00,USD,-,20240514
264,HWM,HOWMET AEROSPACE INC,Industrials,Equity,"327,902,078.40",0.07,"327,902,078.40","4,054,180.00",80.88,United States,New York Stock Exchange Inc.,USD,1.00,USD,-,20240514
265,EXR,EXTRA SPACE STORAGE REIT INC,Real Estate,Equity,"325,518,824.10",0.07,"325,518,824.10","2,189,834.00",148.65,United States,New York Stock Exchange Inc.,USD,1.00,USD,-,20240514
266,HSY,HERSHEY FOODS,Consumer Staples,Equity,"324,500,170.50",0.07,"324,500,170.50","1,553,450.00",208.89,United States,New York Stock Exchange Inc.,USD,1.00,USD,-,20240514
267,EL,ESTEE LAUDER INC CLASS A,Consumer Staples,Equity,"323,657,706.50",0.07,"323,657,706.50","2,414,275.00",134.06,United States,New York Stock Exchange Inc.,USD,1.00,USD,-,20240514
268,ON,ON SEMICONDUCTOR CORP,Information Technology,Equity,"323,286,797.07",0.07,"323,286,797.07","4,429,193.00",72.99,United States,NASDAQ,USD,1.00,USD,-,20240514
269,DFS,DISCOVER FINANCIAL SERVICES,Financials,Equity,"322,414,446.40",0.07,"322,414,446.40","2,591,756.00",124.40,United States,New York Stock Exchange Inc.,USD,1.00,USD,-,20240514
270,ROK,ROCKWELL AUTOMATION INC,Industrials,Equity,"321,665,021.88",0.07,"321,665,021.88","1,187,657.00",270.84,United States,New York Stock Exchange Inc.,USD,1.00,USD,-,20240514
271,VICI,VICI PPTYS INC,Real Estate,Equity,"320,607,324.70",0.07,"320,607,324.70","10,722,653.00",29.90,United States,New York Stock Exchange Inc.,USD,1.00,USD,-,20240514
272,DG,DOLLAR GENERAL CORP,Consumer Staples,Equity,"319,210,581.78",0.07,"319,210,581.78","2,275,038.00",140.31,United States,New York Stock Exchange Inc.,USD,1.00,USD,-,20240514
273,EA,ELECTRONIC ARTS INC,Communication,Equity,"319,209,217.41",0.07,"319,209,217.41","2,521,599.00",126.59,United States,NASDAQ,USD,1.00,USD,-,20240514
274,VST,VISTRA CORP,Utilities,Equity,"318,437,072.16",0.07,"318,437,072.16","3,481,328.00",91.47,United States,New York Stock Exchange Inc.,USD,1.00,USD,-,20240514
275,XEL,XCEL ENERGY INC,Utilities,Equity,"317,769,586.20",0.07,"317,769,586.20","5,719,395.00",55.56,United States,NASDAQ,USD,1.00,USD,-,20240514
276,EFX,EQUIFAX INC,Industrials,Equity,"316,109,422.97",0.07,"316,109,422.97","1,277,881.00",247.37,United States,New York Stock Exchange Inc.,USD,1.00,USD,-,20240514
277,HIG,HARTFORD FINANCIAL SERVICES GROUP,Financials,Equity,"313,500,935.13",0.07,"313,500,935.13","3,093,861.00",101.33,United States,New York Stock Exchange Inc.,USD,1.00,USD,-,20240514
278,CDW,CDW CORP,Information Technology,Equity,"307,658,068.92",0.07,"307,658,068.92","1,388,474.00",221.58,United States,NASDAQ,USD,1.00,USD,-,20240514
279,TSCO,TRACTOR SUPPLY,Consumer Discretionary,Equity,"307,575,054.00",0.07,"307,575,054.00","1,120,492.00",274.50,United States,NASDAQ,USD,1.00,USD,-,20240514
280,WAB,WESTINGHOUSE AIR BRAKE TECHNOLOGIE,Industrials,Equity,"306,676,118.25",0.07,"306,676,118.25","1,856,955.00",165.15,United States,New York Stock Exchange Inc.,USD,1.00,USD,-,20240514
281,KHC,KRAFT HEINZ,Consumer Staples,Equity,"299,044,809.91",0.07,"299,044,809.91","8,263,189.00",36.19,United States,NASDAQ,USD,1.00,USD,-,20240514
282,EIX,EDISON INTERNATIONAL,Utilities,Equity,"297,855,623.08",0.07,"297,855,623.08","3,975,649.00",74.92,United States,New York Stock Exchange Inc.,USD,1.00,USD,-,20240514
283,GPN,GLOBAL PAYMENTS INC,Financials,Equity,"297,381,653.52",0.07,"297,381,653.52","2,698,808.00",110.19,United States,New York Stock Exchange Inc.,USD,1.00,USD,-,20240514
284,ANSS,ANSYS INC,Information Technology,Equity,"293,565,970.56",0.06,"293,565,970.56","900,896.00",325.86,United States,NASDAQ,USD,1.00,USD,-,20240514
285,AVB,AVALONBAY COMMUNITIES REIT INC,Real Estate,Equity,"290,377,249.11",0.06,"290,377,249.11","1,470,339.00",197.49,United States,New York Stock Exchange Inc.,USD,1.00,USD,-,20240514
286,CHTR,CHARTER COMMUNICATIONS INC CLASS A,Communication,Equity,"284,683,577.19",0.06,"284,683,577.19","1,023,563.00",278.13,United States,NASDAQ,USD,1.00,USD,-,20240514
287,FTV,FORTIVE CORP,Industrials,Equity,"281,593,998.66",0.06,"281,593,998.66","3,634,878.00",77.47,United States,New York Stock Exchange Inc.,USD,1.00,USD,-,20240514
288,EBAY,EBAY INC,Consumer Discretionary,Equity,"280,256,163.70",0.06,"280,256,163.70","5,379,197.00",52.10,United States,NASDAQ,USD,1.00,USD,-,20240514
289,GLW,CORNING INC,Information Technology,Equity,"278,155,062.15",0.06,"278,155,062.15","7,958,657.00",34.95,United States,New York Stock Exchange Inc.,USD,1.00,USD,-,20240514
290,HPQ,HP INC,Information Technology,Equity,"278,008,295.56",0.06,"278,008,295.56","9,037,981.00",30.76,United States,New York Stock Exchange Inc.,USD,1.00,USD,-,20240514
291,WEC,WEC ENERGY GROUP INC,Utilities,Equity,"276,000,299.82",0.06,"276,000,299.82","3,269,371.00",84.42,United States,New York Stock Exchange Inc.,USD,1.00,USD,-,20240514
292,KEYS,KEYSIGHT TECHNOLOGIES INC,Information Technology,Equity,"274,270,297.50",0.06,"274,270,297.50","1,810,365.00",151.50,United States,New York Stock Exchange Inc.,USD,1.00,USD,-,20240514
293,CBRE,CBRE GROUP INC CLASS A,Real Estate,Equity,"273,452,695.28",0.06,"273,452,695.28","3,082,199.00",88.72,United States,New York Stock Exchange Inc.,USD,1.00,USD,-,20240514
294,CHD,CHURCH AND DWIGHT INC,Consumer Staples,Equity,"272,810,382.21",0.06,"272,810,382.21","2,553,687.00",106.83,United States,New York Stock Exchange Inc.,USD,1.00,USD,-,20240514
295,WST,WEST PHARMACEUTICAL SERVICES INC,Health Care,Equity,"271,837,950.72",0.06,"271,837,950.72","766,864.00",354.48,United States,New York Stock Exchange Inc.,USD,1.00,USD,-,20240514
296,FITB,FIFTH THIRD BANCORP,Financials,Equity,"271,584,927.85",0.06,"271,584,927.85","7,059,655.00",38.47,United States,NASDAQ,USD,1.00,USD,-,20240514
297,WTW,WILLIS TOWERS WATSON PLC,Financials,Equity,"269,821,851.39",0.06,"269,821,851.39","1,062,751.00",253.89,United States,NASDAQ,USD,1.00,USD,-,20240514
298,GRMN,GARMIN LTD,Consumer Discretionary,Equity,"269,549,471.75",0.06,"269,549,471.75","1,586,425.00",169.91,United States,New York Stock Exchange Inc.,USD,1.00,USD,-,20240514
299,LYB,LYONDELLBASELL INDUSTRIES NV CLASS,Materials,Equity,"269,336,316.24",0.06,"269,336,316.24","2,653,037.00",101.52,United States,New York Stock Exchange Inc.,USD,1.00,USD,-,20240514
300,AWK,AMERICAN WATER WORKS INC,Utilities,Equity,"268,661,798.33",0.06,"268,661,798.33","2,018,041.00",133.13,United States,New York Stock Exchange Inc.,USD,1.00,USD,-,20240514
301,MTB,M&T BANK CORP,Financials,Equity,"267,024,329.26",0.06,"267,024,329.26","1,722,071.00",155.06,United States,New York Stock Exchange Inc.,USD,1.00,USD,-,20240514
302,DOV,DOVER CORP,Industrials,Equity,"266,364,803.20",0.06,"266,364,803.20","1,449,920.00",183.71,United States,New York Stock Exchange Inc.,USD,1.00,USD,-,20240514
303,TROW,T ROWE PRICE GROUP INC,Financials,Equity,"265,380,499.56",0.06,"265,380,499.56","2,320,571.00",114.36,United States,NASDAQ,USD,1.00,USD,-,20240514
304,TRGP,TARGA RESOURCES CORP,Energy,Equity,"264,457,342.12",0.06,"264,457,342.12","2,311,084.00",114.43,United States,New York Stock Exchange Inc.,USD,1.00,USD,-,20240514
305,ZBH,ZIMMER BIOMET HOLDINGS INC,Health Care,Equity,"259,868,936.52",0.06,"259,868,936.52","2,166,116.00",119.97,United States,New York Stock Exchange Inc.,USD,1.00,USD,-,20240514
306,IFF,INTERNATIONAL FLAVORS & FRAGRANCES,Materials,Equity,"255,668,678.76",0.06,"255,668,678.76","2,645,852.00",96.63,United States,New York Stock Exchange Inc.,USD,1.00,USD,-,20240514
307,PHM,PULTEGROUP INC,Consumer Discretionary,Equity,"255,409,763.46",0.06,"255,409,763.46","2,198,397.00",116.18,United States,New York Stock Exchange Inc.,USD,1.00,USD,-,20240514
308,DLTR,DOLLAR TREE INC,Consumer Staples,Equity,"255,021,138.24",0.06,"255,021,138.24","2,145,198.00",118.88,United States,NASDAQ,USD,1.00,USD,-,20240514
309,NVR,NVR INC,Consumer Discretionary,Equity,"250,202,855.51",0.05,"250,202,855.51","33,133.00","7,551.47",United States,New York Stock Exchange Inc.,USD,1.00,USD,-,20240514
310,RJF,RAYMOND JAMES INC,Financials,Equity,"247,550,543.76",0.05,"247,550,543.76","1,949,831.00",126.96,United States,New York Stock Exchange Inc.,USD,1.00,USD,-,20240514
311,WDC,WESTERN DIGITAL CORP,Information Technology,Equity,"247,140,141.88",0.05,"247,140,141.88","3,360,622.00",73.54,United States,NASDAQ,USD,1.00,USD,-,20240514
312,CAH,CARDINAL HEALTH INC,Health Care,Equity,"245,623,855.47",0.05,"245,623,855.47","2,521,029.00",97.43,United States,New York Stock Exchange Inc.,USD,1.00,USD,-,20240514
313,DTE,DTE ENERGY,Utilities,Equity,"245,606,703.12",0.05,"245,606,703.12","2,139,804.00",114.78,United States,New York Stock Exchange Inc.,USD,1.00,USD,-,20240514
314,BR,BROADRIDGE FINANCIAL SOLUTIONS INC,Industrials,Equity,"243,967,917.71",0.05,"243,967,917.71","1,220,633.00",199.87,United States,New York Stock Exchange Inc.,USD,1.00,USD,-,20240514
315,ETR,ENTERGY CORP,Utilities,Equity,"243,951,346.80",0.05,"243,951,346.80","2,191,836.00",111.30,United States,New York Stock Exchange Inc.,USD,1.00,USD,-,20240514
316,IRM,IRON MOUNTAIN INC,Real Estate,Equity,"243,713,415.04",0.05,"243,713,415.04","3,026,368.00",80.53,United States,New York Stock Exchange Inc.,USD,1.00,USD,-,20240514
317,STE,STERIS,Health Care,Equity,"241,708,604.00",0.05,"241,708,604.00","1,024,189.00",236.00,United States,New York Stock Exchange Inc.,USD,1.00,USD,-,20240514
318,EQR,EQUITY RESIDENTIAL REIT,Real Estate,Equity,"241,086,579.37",0.05,"241,086,579.37","3,577,483.00",67.39,United States,New York Stock Exchange Inc.,USD,1.00,USD,-,20240514
319,STT,STATE STREET CORP,Financials,Equity,"239,598,271.44",0.05,"239,598,271.44","3,129,549.00",76.56,United States,New York Stock Exchange Inc.,USD,1.00,USD,-,20240514
320,APTV,APTIV PLC,Consumer Discretionary,Equity,"239,578,167.56",0.05,"239,578,167.56","2,892,059.00",82.84,United States,New York Stock Exchange Inc.,USD,1.00,USD,-,20240514
321,TTWO,TAKE TWO INTERACTIVE SOFTWARE INC,Communication,Equity,"238,253,356.80",0.05,"238,253,356.80","1,643,580.00",144.96,United States,NASDAQ,USD,1.00,USD,-,20240514
322,NDAQ,NASDAQ INC,Financials,Equity,"237,924,482.95",0.05,"237,924,482.95","3,938,495.00",60.41,United States,NASDAQ,USD,1.00,USD,-,20240514
323,HPE,HEWLETT PACKARD ENTERPRISE,Information Technology,Equity,"237,817,829.70",0.05,"237,817,829.70","13,474,098.00",17.65,United States,New York Stock Exchange Inc.,USD,1.00,USD,-,20240514
324,WY,WEYERHAEUSER REIT,Real Estate,Equity,"235,910,867.30",0.05,"235,910,867.30","7,563,670.00",31.19,United States,New York Stock Exchange Inc.,USD,1.00,USD,-,20240514
325,DECK,DECKERS OUTDOOR CORP,Consumer Discretionary,Equity,"234,723,757.95",0.05,"234,723,757.95","265,991.00",882.45,United States,New York Stock Exchange Inc.,USD,1.00,USD,-,20240514
326,NTAP,NETAPP INC,Information Technology,Equity,"232,851,866.88",0.05,"232,851,866.88","2,135,472.00",109.04,United States,NASDAQ,USD,1.00,USD,-,20240514
327,BALL,BALL CORP,Materials,Equity,"228,857,759.88",0.05,"228,857,759.88","3,267,996.00",70.03,United States,New York Stock Exchange Inc.,USD,1.00,USD,-,20240514
328,GPC,GENUINE PARTS,Consumer Discretionary,Equity,"226,087,766.94",0.05,"226,087,766.94","1,453,193.00",155.58,United States,New York Stock Exchange Inc.,USD,1.00,USD,-,20240514
329,PTC,PTC INC,Information Technology,Equity,"223,689,668.16",0.05,"223,689,668.16","1,239,072.00",180.53,United States,NASDAQ,USD,1.00,USD,-,20240514
330,PPL,PPL CORP,Utilities,Equity,"223,010,841.06",0.05,"223,010,841.06","7,639,974.00",29.19,United States,New York Stock Exchange Inc.,USD,1.00,USD,-,20240514
331,HUBB,HUBBELL INC,Industrials,Equity,"222,910,464.24",0.05,"222,910,464.24","555,831.00",401.04,United States,New York Stock Exchange Inc.,USD,1.00,USD,-,20240514
332,SBAC,SBA COMMUNICATIONS REIT CORP CLASS,Real Estate,Equity,"222,625,855.10",0.05,"222,625,855.10","1,118,161.00",199.10,United States,NASDAQ,USD,1.00,USD,-,20240514
333,ES,EVERSOURCE ENERGY,Utilities,Equity,"220,494,966.30",0.05,"220,494,966.30","3,620,607.00",60.90,United States,New York Stock Exchange Inc.,USD,1.00,USD,-,20240514
334,VLTO,VERALTO CORP,Industrials,Equity,"220,342,099.56",0.05,"220,342,099.56","2,272,974.00",96.94,United States,New York Stock Exchange Inc.,USD,1.00,USD,-,20240514
335,WAT,WATERS CORP,Health Care,Equity,"219,985,841.09",0.05,"219,985,841.09","612,791.00",358.99,United States,New York Stock Exchange Inc.,USD,1.00,USD,-,20240514
336,CTRA,COTERRA ENERGY INC,Energy,Equity,"219,539,640.32",0.05,"219,539,640.32","7,796,152.00",28.16,United States,New York Stock Exchange Inc.,USD,1.00,USD,-,20240514
337,BLDR,BUILDERS FIRSTSOURCE INC,Industrials,Equity,"216,983,738.76",0.05,"216,983,738.76","1,278,556.00",169.71,United States,New York Stock Exchange Inc.,USD,1.00,USD,-,20240514
338,BRO,BROWN & BROWN INC,Financials,Equity,"216,556,557.50",0.05,"216,556,557.50","2,448,350.00",88.45,United States,New York Stock Exchange Inc.,USD,1.00,USD,-,20240514
339,AXON,AXON ENTERPRISE INC,Industrials,Equity,"216,435,662.82",0.05,"216,435,662.82","730,067.00",296.46,United States,NASDAQ,USD,1.00,USD,-,20240514
340,FE,FIRSTENERGY CORP,Utilities,Equity,"213,252,046.08",0.05,"213,252,046.08","5,352,712.00",39.84,United States,New York Stock Exchange Inc.,USD,1.00,USD,-,20240514
341,STLD,STEEL DYNAMICS INC,Materials,Equity,"212,950,281.44",0.05,"212,950,281.44","1,576,592.00",135.07,United States,NASDAQ,USD,1.00,USD,-,20240514
342,CPAY,CORPAY INC,Financials,Equity,"212,011,237.90",0.05,"212,011,237.90","748,363.00",283.30,United States,New York Stock Exchange Inc.,USD,1.00,USD,-,20240514
343,TYL,TYLER TECHNOLOGIES INC,Information Technology,Equity,"211,677,267.55",0.05,"211,677,267.55","436,583.00",484.85,United States,New York Stock Exchange Inc.,USD,1.00,USD,-,20240514
344,HBAN,HUNTINGTON BANCSHARES INC,Financials,Equity,"211,359,343.36",0.05,"211,359,343.36","15,011,317.00",14.08,United States,NASDAQ,USD,1.00,USD,-,20240514
345,MOH,MOLINA HEALTHCARE INC,Health Care,Equity,"210,417,362.68",0.05,"210,417,362.68","601,244.00",349.97,United States,New York Stock Exchange Inc.,USD,1.00,USD,-,20240514
346,LDOS,LEIDOS HOLDINGS INC,Industrials,Equity,"208,935,492.80",0.05,"208,935,492.80","1,425,208.00",146.60,United States,New York Stock Exchange Inc.,USD,1.00,USD,-,20240514
347,INVH,INVITATION HOMES INC,Real Estate,Equity,"208,558,385.64",0.05,"208,558,385.64","5,962,218.00",34.98,United States,New York Stock Exchange Inc.,USD,1.00,USD,-,20240514
348,FSLR,FIRST SOLAR INC,Information Technology,Equity,"207,060,487.41",0.05,"207,060,487.41","1,107,453.00",186.97,United States,NASDAQ,USD,1.00,USD,-,20240514
349,ALGN,ALIGN TECHNOLOGY INC,Health Care,Equity,"205,271,982.08",0.04,"205,271,982.08","738,176.00",278.08,United States,NASDAQ,USD,1.00,USD,-,20240514
350,AEE,AMEREN CORP,Utilities,Equity,"204,076,304.64",0.04,"204,076,304.64","2,725,378.00",74.88,United States,New York Stock Exchange Inc.,USD,1.00,USD,-,20240514
351,ARE,ALEXANDRIA REAL ESTATE EQUITIES RE,Real Estate,Equity,"202,420,111.14",0.04,"202,420,111.14","1,632,157.00",124.02,United States,New York Stock Exchange Inc.,USD,1.00,USD,-,20240514
352,ULTA,ULTA BEAUTY INC,Consumer Discretionary,Equity,"202,180,406.16",0.04,"202,180,406.16","503,337.00",401.68,United States,NASDAQ,USD,1.00,USD,-,20240514
353,TER,TERADYNE INC,Information Technology,Equity,"201,429,310.35",0.04,"201,429,310.35","1,584,685.00",127.11,United States,NASDAQ,USD,1.00,USD,-,20240514
354,VTR,VENTAS REIT INC,Real Estate,Equity,"200,020,297.40",0.04,"200,020,297.40","4,170,565.00",47.96,United States,New York Stock Exchange Inc.,USD,1.00,USD,-,20240514
355,OMC,OMNICOM GROUP INC,Communication,Equity,"198,194,329.08",0.04,"198,194,329.08","2,052,126.00",96.58,United States,New York Stock Exchange Inc.,USD,1.00,USD,-,20240514
356,COO,COOPER INC,Health Care,Equity,"197,658,983.76",0.04,"197,658,983.76","2,059,806.00",95.96,United States,NASDAQ,USD,1.00,USD,-,20240514
357,CBOE,CBOE GLOBAL MARKETS INC,Financials,Equity,"197,599,079.65",0.04,"197,599,079.65","1,094,065.00",180.61,United States,Cboe BZX formerly known as BATS,USD,1.00,USD,-,20240514
358,WBD,WARNER BROS. DISCOVERY INC SERIES,Communication,Equity,"196,882,191.36",0.04,"196,882,191.36","23,000,256.00",8.56,United States,NASDAQ,USD,1.00,USD,-,20240514
359,MKC,MCCORMICK & CO NON-VOTING INC,Consumer Staples,Equity,"194,416,477.40",0.04,"194,416,477.40","2,606,119.00",74.60,United States,New York Stock Exchange Inc.,USD,1.00,USD,-,20240514
360,STX,SEAGATE TECHNOLOGY HOLDINGS PLC,Information Technology,Equity,"194,314,365.60",0.04,"194,314,365.60","2,019,480.00",96.22,United States,NASDAQ,USD,1.00,USD,-,20240514
361,CNP,CENTERPOINT ENERGY INC,Utilities,Equity,"194,177,749.36",0.04,"194,177,749.36","6,542,377.00",29.68,United States,New York Stock Exchange Inc.,USD,1.00,USD,-,20240514
362,TDY,TELEDYNE TECHNOLOGIES INC,Information Technology,Equity,"193,658,256.00",0.04,"193,658,256.00","489,036.00",396.00,United States,New York Stock Exchange Inc.,USD,1.00,USD,-,20240514
363,RF,REGIONS FINANCIAL CORP,Financials,Equity,"192,497,860.80",0.04,"192,497,860.80","9,577,008.00",20.10,United States,New York Stock Exchange Inc.,USD,1.00,USD,-,20240514
364,CINF,CINCINNATI FINANCIAL CORP,Financials,Equity,"192,368,807.08",0.04,"192,368,807.08","1,627,348.00",118.21,United States,NASDAQ,USD,1.00,USD,-,20240514
365,NRG,NRG ENERGY INC,Utilities,Equity,"192,072,535.20",0.04,"192,072,535.20","2,340,065.00",82.08,United States,New York Stock Exchange Inc.,USD,1.00,USD,-,20240514
366,PFG,PRINCIPAL FINANCIAL GROUP INC,Financials,Equity,"191,398,893.04",0.04,"191,398,893.04","2,273,416.00",84.19,United States,NASDAQ,USD,1.00,USD,-,20240514
367,SYF,SYNCHRONY FINANCIAL,Financials,Equity,"190,511,138.52",0.04,"190,511,138.52","4,216,714.00",45.18,United States,New York Stock Exchange Inc.,USD,1.00,USD,-,20240514
368,CMS,CMS ENERGY CORP,Utilities,Equity,"190,409,288.80",0.04,"190,409,288.80","3,051,920.00",62.39,United States,New York Stock Exchange Inc.,USD,1.00,USD,-,20240514
369,ILMN,ILLUMINA INC,Health Care,Equity,"190,240,519.12",0.04,"190,240,519.12","1,645,964.00",115.58,United States,NASDAQ,USD,1.00,USD,-,20240514
370,AVY,AVERY DENNISON CORP,Materials,Equity,"188,419,760.24",0.04,"188,419,760.24","834,676.00",225.74,United States,New York Stock Exchange Inc.,USD,1.00,USD,-,20240514
371,UAL,UNITED AIRLINES HOLDINGS INC,Industrials,Equity,"187,299,995.19",0.04,"187,299,995.19","3,399,891.00",55.09,United States,NASDAQ,USD,1.00,USD,-,20240514
372,LH,LABORATORY CORPORATION OF AMERICA,Health Care,Equity,"185,888,313.60",0.04,"185,888,313.60","880,153.00",211.20,United States,New York Stock Exchange Inc.,USD,1.00,USD,-,20240514
373,BAX,BAXTER INTERNATIONAL INC,Health Care,Equity,"185,486,797.20",0.04,"185,486,797.20","5,263,530.00",35.24,United States,New York Stock Exchange Inc.,USD,1.00,USD,-,20240514
374,DPZ,DOMINOS PIZZA INC,Consumer Discretionary,Equity,"184,699,292.92",0.04,"184,699,292.92","361,652.00",510.71,United States,New York Stock Exchange Inc.,USD,1.00,USD,-,20240514
375,DRI,DARDEN RESTAURANTS INC,Consumer Discretionary,Equity,"184,331,867.50",0.04,"184,331,867.50","1,237,625.00",148.94,United States,New York Stock Exchange Inc.,USD,1.00,USD,-,20240514
376,HOLX,HOLOGIC INC,Health Care,Equity,"184,051,154.50",0.04,"184,051,154.50","2,432,930.00",75.65,United States,NASDAQ,USD,1.00,USD,-,20240514
377,NTRS,NORTHERN TRUST CORP,Financials,Equity,"183,432,660.48",0.04,"183,432,660.48","2,126,016.00",86.28,United States,NASDAQ,USD,1.00,USD,-,20240514
378,ATO,ATMOS ENERGY CORP,Utilities,Equity,"183,310,877.75",0.04,"183,310,877.75","1,563,419.00",117.25,United States,New York Stock Exchange Inc.,USD,1.00,USD,-,20240514
379,J,JACOBS SOLUTIONS INC,Industrials,Equity,"179,554,443.02",0.04,"179,554,443.02","1,302,346.00",137.87,United States,New York Stock Exchange Inc.,USD,1.00,USD,-,20240514
380,TXT,TEXTRON INC,Industrials,Equity,"178,979,731.20",0.04,"178,979,731.20","2,031,552.00",88.10,United States,New York Stock Exchange Inc.,USD,1.00,USD,-,20240514
381,TSN,TYSON FOODS INC CLASS A,Consumer Staples,Equity,"178,874,549.49",0.04,"178,874,549.49","2,967,887.00",60.27,United States,New York Stock Exchange Inc.,USD,1.00,USD,-,20240514
382,CLX,CLOROX,Consumer Staples,Equity,"178,219,636.00",0.04,"178,219,636.00","1,286,320.00",138.55,United States,New York Stock Exchange Inc.,USD,1.00,USD,-,20240514
383,LVS,LAS VEGAS SANDS CORP,Consumer Discretionary,Equity,"177,284,334.24",0.04,"177,284,334.24","3,827,382.00",46.32,United States,New York Stock Exchange Inc.,USD,1.00,USD,-,20240514
384,EXPD,EXPEDITORS INTERNATIONAL OF WASHIN,Industrials,Equity,"177,112,511.68",0.04,"177,112,511.68","1,507,084.00",117.52,United States,New York Stock Exchange Inc.,USD,1.00,USD,-,20240514
385,ESS,ESSEX PROPERTY TRUST REIT INC,Real Estate,Equity,"176,310,508.06",0.04,"176,310,508.06","665,398.00",264.97,United States,New York Stock Exchange Inc.,USD,1.00,USD,-,20240514
386,IEX,IDEX CORP,Industrials,Equity,"176,094,124.50",0.04,"176,094,124.50","783,825.00",224.66,United States,New York Stock Exchange Inc.,USD,1.00,USD,-,20240514
387,CFG,CITIZENS FINANCIAL GROUP INC,Financials,Equity,"176,048,266.44",0.04,"176,048,266.44","4,832,508.00",36.43,United States,New York Stock Exchange Inc.,USD,1.00,USD,-,20240514
388,FDS,FACTSET RESEARCH SYSTEMS INC,Financials,Equity,"174,362,453.73",0.04,"174,362,453.73","394,923.00",441.51,United States,New York Stock Exchange Inc.,USD,1.00,USD,-,20240514
389,LUV,SOUTHWEST AIRLINES,Industrials,Equity,"173,964,724.69",0.04,"173,964,724.69","6,184,313.00",28.13,United States,New York Stock Exchange Inc.,USD,1.00,USD,-,20240514
390,EQT,EQT CORP,Energy,Equity,"173,572,214.46",0.04,"173,572,214.46","4,263,626.00",40.71,United States,New York Stock Exchange Inc.,USD,1.00,USD,-,20240514
391,K,KELLANOVA,Consumer Staples,Equity,"171,022,086.24",0.04,"171,022,086.24","2,733,729.00",62.56,United States,New York Stock Exchange Inc.,USD,1.00,USD,-,20240514
392,ZBRA,ZEBRA TECHNOLOGIES CORP CLASS A,Information Technology,Equity,"170,979,626.40",0.04,"170,979,626.40","532,680.00",320.98,United States,NASDAQ,USD,1.00,USD,-,20240514
393,EG,EVEREST GROUP LTD,Financials,Equity,"170,410,184.16",0.04,"170,410,184.16","449,916.00",378.76,United States,New York Stock Exchange Inc.,USD,1.00,USD,-,20240514
394,PKG,PACKAGING CORP OF AMERICA,Materials,Equity,"167,468,992.12",0.04,"167,468,992.12","921,983.00",181.64,United States,New York Stock Exchange Inc.,USD,1.00,USD,-,20240514
395,CE,CELANESE CORP,Materials,Equity,"165,817,789.53",0.04,"165,817,789.53","1,038,243.00",159.71,United States,New York Stock Exchange Inc.,USD,1.00,USD,-,20240514
396,WRB,WR BERKLEY CORP,Financials,Equity,"165,597,156.21",0.04,"165,597,156.21","2,100,687.00",78.83,United States,New York Stock Exchange Inc.,USD,1.00,USD,-,20240514
397,MAA,MID AMERICA APARTMENT COMMUNITIES,Real Estate,Equity,"165,527,572.40",0.04,"165,527,572.40","1,209,820.00",136.82,United States,New York Stock Exchange Inc.,USD,1.00,USD,-,20240514
398,ALB,ALBEMARLE CORP,Materials,Equity,"164,815,265.68",0.04,"164,815,265.68","1,216,708.00",135.46,United States,New York Stock Exchange Inc.,USD,1.00,USD,-,20240514
399,ENPH,ENPHASE ENERGY INC,Information Technology,Equity,"164,816,866.48",0.04,"164,816,866.48","1,407,368.00",117.11,United States,NASDAQ,USD,1.00,USD,-,20240514
400,MAS,MASCO CORP,Industrials,Equity,"161,958,547.80",0.04,"161,958,547.80","2,277,898.00",71.10,United States,New York Stock Exchange Inc.,USD,1.00,USD,-,20240514
401,MRO,MARATHON OIL CORP,Energy,Equity,"161,171,946.09",0.04,"161,171,946.09","6,065,937.00",26.57,United States,New York Stock Exchange Inc.,USD,1.00,USD,-,20240514
402,DGX,QUEST DIAGNOSTICS INC,Health Care,Equity,"160,115,547.76",0.04,"160,115,547.76","1,150,586.00",139.16,United States,New York Stock Exchange Inc.,USD,1.00,USD,-,20240514
403,SWKS,SKYWORKS SOLUTIONS INC,Information Technology,Equity,"156,812,452.74",0.03,"156,812,452.74","1,660,797.00",94.42,United States,NASDAQ,USD,1.00,USD,-,20240514
404,AMCR,AMCOR PLC,Materials,Equity,"156,289,378.00",0.03,"156,289,378.00","14,984,600.00",10.43,United States,New York Stock Exchange Inc.,USD,1.00,USD,-,20240514
405,BG,BUNGE GLOBAL SA,Consumer Staples,Equity,"155,775,881.76",0.03,"155,775,881.76","1,505,954.00",103.44,United States,New York Stock Exchange Inc.,USD,1.00,USD,-,20240514
406,JBL,JABIL INC,Information Technology,Equity,"155,543,535.55",0.03,"155,543,535.55","1,322,087.00",117.65,United States,New York Stock Exchange Inc.,USD,1.00,USD,-,20240514
407,VRSN,VERISIGN INC,Information Technology,Equity,"155,057,350.69",0.03,"155,057,350.69","913,553.00",169.73,United States,NASDAQ,USD,1.00,USD,-,20240514
408,EXPE,EXPEDIA GROUP INC,Consumer Discretionary,Equity,"153,804,323.64",0.03,"153,804,323.64","1,355,343.00",113.48,United States,NASDAQ,USD,1.00,USD,-,20240514
409,CAG,CONAGRA BRANDS INC,Consumer Staples,Equity,"153,608,534.00",0.03,"153,608,534.00","4,955,114.00",31.00,United States,New York Stock Exchange Inc.,USD,1.00,USD,-,20240514
410,NDSN,NORDSON CORP,Industrials,Equity,"152,948,680.68",0.03,"152,948,680.68","562,332.00",271.99,United States,NASDAQ,USD,1.00,USD,-,20240514
411,SNA,SNAP ON INC,Industrials,Equity,"152,670,545.52",0.03,"152,670,545.52","546,971.00",279.12,United States,New York Stock Exchange Inc.,USD,1.00,USD,-,20240514
412,CCL,CARNIVAL CORP,Consumer Discretionary,Equity,"151,648,840.20",0.03,"151,648,840.20","10,444,135.00",14.52,United States,New York Stock Exchange Inc.,USD,1.00,USD,-,20240514
413,POOL,POOL CORP,Consumer Discretionary,Equity,"151,356,737.50",0.03,"151,356,737.50","400,945.00",377.50,United States,NASDAQ,USD,1.00,USD,-,20240514
414,BBY,BEST BUY CO INC,Consumer Discretionary,Equity,"147,738,134.05",0.03,"147,738,134.05","1,987,063.00",74.35,United States,New York Stock Exchange Inc.,USD,1.00,USD,-,20240514
415,CF,CF INDUSTRIES HOLDINGS INC,Materials,Equity,"147,309,590.00",0.03,"147,309,590.00","1,980,500.00",74.38,United States,New York Stock Exchange Inc.,USD,1.00,USD,-,20240514
416,TRMB,TRIMBLE INC,Information Technology,Equity,"147,213,358.71",0.03,"147,213,358.71","2,578,619.00",57.09,United States,NASDAQ,USD,1.00,USD,-,20240514
417,KEY,KEYCORP,Financials,Equity,"146,706,737.28",0.03,"146,706,737.28","9,709,248.00",15.11,United States,New York Stock Exchange Inc.,USD,1.00,USD,-,20240514
418,L,LOEWS CORP,Financials,Equity,"146,073,527.46",0.03,"146,073,527.46","1,888,719.00",77.34,United States,New York Stock Exchange Inc.,USD,1.00,USD,-,20240514
419,SWK,STANLEY BLACK & DECKER INC,Industrials,Equity,"145,882,225.80",0.03,"145,882,225.80","1,589,131.00",91.80,United States,New York Stock Exchange Inc.,USD,1.00,USD,-,20240514
420,AKAM,AKAMAI TECHNOLOGIES INC,Information Technology,Equity,"145,609,872.56",0.03,"145,609,872.56","1,563,512.00",93.13,United States,NASDAQ,USD,1.00,USD,-,20240514
421,DOC,HEALTHPEAK PROPERTIES INC,Real Estate,Equity,"145,465,679.16",0.03,"145,465,679.16","7,339,338.00",19.82,United States,New York Stock Exchange Inc.,USD,1.00,USD,-,20240514
422,IP,INTERNATIONAL PAPER,Materials,Equity,"142,966,298.35",0.03,"142,966,298.35","3,587,611.00",39.85,United States,New York Stock Exchange Inc.,USD,1.00,USD,-,20240514
423,GEN,GEN DIGITAL INC,Information Technology,Equity,"142,626,823.56",0.03,"142,626,823.56","5,812,014.00",24.54,United States,NASDAQ,USD,1.00,USD,-,20240514
424,PNR,PENTAIR,Industrials,Equity,"142,558,543.50",0.03,"142,558,543.50","1,713,650.00",83.19,United States,New York Stock Exchange Inc.,USD,1.00,USD,-,20240514
425,JBHT,JB HUNT TRANSPORT SERVICES INC,Industrials,Equity,"142,197,945.76",0.03,"142,197,945.76","845,611.00",168.16,United States,NASDAQ,USD,1.00,USD,-,20240514
426,AES,AES CORP,Utilities,Equity,"141,110,228.32",0.03,"141,110,228.32","6,944,401.00",20.32,United States,New York Stock Exchange Inc.,USD,1.00,USD,-,20240514
427,LYV,LIVE NATION ENTERTAINMENT INC,Communication,Equity,"140,958,455.26",0.03,"140,958,455.26","1,470,922.00",95.83,United States,New York Stock Exchange Inc.,USD,1.00,USD,-,20240514
428,VTRS,VIATRIS INC,Health Care,Equity,"138,546,330.76",0.03,"138,546,330.76","12,436,834.00",11.14,United States,NASDAQ,USD,1.00,USD,-,20240514
429,WRK,WESTROCK,Materials,Equity,"137,638,357.92",0.03,"137,638,357.92","2,664,312.00",51.66,United States,New York Stock Exchange Inc.,USD,1.00,USD,-,20240514
430,TECH,BIO TECHNE CORP,Health Care,Equity,"136,954,714.05",0.03,"136,954,714.05","1,627,507.00",84.15,United States,NASDAQ,USD,1.00,USD,-,20240514
431,ROL,ROLLINS INC,Industrials,Equity,"136,577,035.08",0.03,"136,577,035.08","2,910,849.00",46.92,United States,New York Stock Exchange Inc.,USD,1.00,USD,-,20240514
432,RVTY,REVVITY INC,Health Care,Equity,"136,292,564.46",0.03,"136,292,564.46","1,279,382.00",106.53,United States,New York Stock Exchange Inc.,USD,1.00,USD,-,20240514
433,WBA,WALGREEN BOOTS ALLIANCE INC,Consumer Staples,Equity,"136,170,890.95",0.03,"136,170,890.95","7,420,757.00",18.35,United States,NASDAQ,USD,1.00,USD,-,20240514
434,LNT,ALLIANT ENERGY CORP,Utilities,Equity,"135,882,535.68",0.03,"135,882,535.68","2,645,688.00",51.36,United States,NASDAQ,USD,1.00,USD,-,20240514
435,HST,HOST HOTELS & RESORTS REIT INC,Real Estate,Equity,"135,520,711.52",0.03,"135,520,711.52","7,313,584.00",18.53,United States,NASDAQ,USD,1.00,USD,-,20240514
436,KIM,KIMCO REALTY REIT CORP,Real Estate,Equity,"132,686,831.75",0.03,"132,686,831.75","6,907,175.00",19.21,United States,New York Stock Exchange Inc.,USD,1.00,USD,-,20240514
437,EVRG,EVERGY INC,Utilities,Equity,"131,729,466.40",0.03,"131,729,466.40","2,382,088.00",55.30,United States,NASDAQ,USD,1.00,USD,-,20240514
438,LW,LAMB WESTON HOLDINGS INC,Consumer Staples,Equity,"128,117,111.10",0.03,"128,117,111.10","1,497,045.00",85.58,United States,New York Stock Exchange Inc.,USD,1.00,USD,-,20240514
439,SJM,JM SMUCKER,Consumer Staples,Equity,"126,770,227.20",0.03,"126,770,227.20","1,100,436.00",115.20,United States,New York Stock Exchange Inc.,USD,1.00,USD,-,20240514
440,IPG,INTERPUBLIC GROUP OF COMPANIES INC,Communication,Equity,"126,010,808.58",0.03,"126,010,808.58","3,971,346.00",31.73,United States,New York Stock Exchange Inc.,USD,1.00,USD,-,20240514
441,JKHY,JACK HENRY AND ASSOCIATES INC,Financials,Equity,"125,143,171.65",0.03,"125,143,171.65","755,285.00",165.69,United States,NASDAQ,USD,1.00,USD,-,20240514
442,PODD,INSULET CORP,Health Care,Equity,"124,571,537.86",0.03,"124,571,537.86","723,118.00",172.27,United States,NASDAQ,USD,1.00,USD,-,20240514
443,KMX,CARMAX INC,Consumer Discretionary,Equity,"124,073,818.72",0.03,"124,073,818.72","1,637,722.00",75.76,United States,New York Stock Exchange Inc.,USD,1.00,USD,-,20240514
444,CRL,CHARLES RIVER LABORATORIES INTERNA,Health Care,Equity,"123,873,976.38",0.03,"123,873,976.38","532,059.00",232.82,United States,New York Stock Exchange Inc.,USD,1.00,USD,-,20240514
445,NI,NISOURCE INC,Utilities,Equity,"123,766,671.58",0.03,"123,766,671.58","4,287,034.00",28.87,United States,New York Stock Exchange Inc.,USD,1.00,USD,-,20240514
446,UDR,UDR REIT INC,Real Estate,Equity,"123,544,752.91",0.03,"123,544,752.91","3,138,043.00",39.37,United States,New York Stock Exchange Inc.,USD,1.00,USD,-,20240514
447,LKQ,LKQ CORP,Consumer Discretionary,Equity,"122,704,502.51",0.03,"122,704,502.51","2,774,237.00",44.23,United States,NASDAQ,USD,1.00,USD,-,20240514
448,EMN,EASTMAN CHEMICAL,Materials,Equity,"122,534,922.37",0.03,"122,534,922.37","1,216,469.00",100.73,United States,New York Stock Exchange Inc.,USD,1.00,USD,-,20240514
449,CPT,CAMDEN PROPERTY TRUST REIT,Real Estate,Equity,"118,195,098.87",0.03,"118,195,098.87","1,105,557.00",106.91,United States,New York Stock Exchange Inc.,USD,1.00,USD,-,20240514
450,MGM,MGM RESORTS INTERNATIONAL,Consumer Discretionary,Equity,"117,006,280.72",0.03,"117,006,280.72","2,833,768.00",41.29,United States,New York Stock Exchange Inc.,USD,1.00,USD,-,20240514
451,ALLE,ALLEGION PLC,Industrials,Equity,"115,704,689.52",0.03,"115,704,689.52","908,628.00",127.34,United States,New York Stock Exchange Inc.,USD,1.00,USD,-,20240514
452,JNPR,JUNIPER NETWORKS INC,Information Technology,Equity,"114,966,058.20",0.03,"114,966,058.20","3,338,155.00",34.44,United States,New York Stock Exchange Inc.,USD,1.00,USD,-,20240514
453,BBWI,BATH AND BODY WORKS INC,Consumer Discretionary,Equity,"113,874,300.56",0.02,"113,874,300.56","2,339,242.00",48.68,United States,New York Stock Exchange Inc.,USD,1.00,USD,-,20240514
454,UHS,UNIVERSAL HEALTH SERVICES INC CLAS,Health Care,Equity,"113,183,475.48",0.02,"113,183,475.48","632,628.00",178.91,United States,New York Stock Exchange Inc.,USD,1.00,USD,-,20240514
455,APA,APA CORP,Energy,Equity,"112,941,545.85",0.02,"112,941,545.85","3,743,505.00",30.17,United States,NASDAQ,USD,1.00,USD,-,20240514
456,EPAM,EPAM SYSTEMS INC,Information Technology,Equity,"111,851,410.80",0.02,"111,851,410.80","597,976.00",187.05,United States,New York Stock Exchange Inc.,USD,1.00,USD,-,20240514
457,TAP,MOLSON COORS BREWING CLASS B,Consumer Staples,Equity,"111,617,695.26",0.02,"111,617,695.26","1,919,809.00",58.14,United States,New York Stock Exchange Inc.,USD,1.00,USD,-,20240514
458,AOS,A O SMITH CORP,Industrials,Equity,"110,053,814.40",0.02,"110,053,814.40","1,273,771.00",86.40,United States,New York Stock Exchange Inc.,USD,1.00,USD,-,20240514
459,INCY,INCYTE CORP,Health Care,Equity,"109,863,695.20",0.02,"109,863,695.20","1,925,744.00",57.05,United States,NASDAQ,USD,1.00,USD,-,20240514
460,HRL,HORMEL FOODS CORP,Consumer Staples,Equity,"107,359,857.90",0.02,"107,359,857.90","3,000,555.00",35.78,United States,New York Stock Exchange Inc.,USD,1.00,USD,-,20240514
461,FFIV,F5 INC,Information Technology,Equity,"104,857,528.05",0.02,"104,857,528.05","609,885.00",171.93,United States,NASDAQ,USD,1.00,USD,-,20240514
462,CTLT,CATALENT INC,Health Care,Equity,"103,891,577.92",0.02,"103,891,577.92","1,871,246.00",55.52,United States,New York Stock Exchange Inc.,USD,1.00,USD,-,20240514
463,TFX,TELEFLEX INC,Health Care,Equity,"103,436,865.94",0.02,"103,436,865.94","486,487.00",212.62,United States,New York Stock Exchange Inc.,USD,1.00,USD,-,20240514
464,HII,HUNTINGTON INGALLS INDUSTRIES INC,Industrials,Equity,"103,145,257.04",0.02,"103,145,257.04","410,104.00",251.51,United States,New York Stock Exchange Inc.,USD,1.00,USD,-,20240514
465,AAL,AMERICAN AIRLINES GROUP INC,Industrials,Equity,"102,877,297.81",0.02,"102,877,297.81","6,772,699.00",15.19,United States,NASDAQ,USD,1.00,USD,-,20240514
466,MOS,MOSAIC,Materials,Equity,"101,780,552.96",0.02,"101,780,552.96","3,383,662.00",30.08,United States,New York Stock Exchange Inc.,USD,1.00,USD,-,20240514
467,REG,REGENCY CENTERS REIT CORP,Real Estate,Equity,"101,618,199.25",0.02,"101,618,199.25","1,700,723.00",59.75,United States,NASDAQ,USD,1.00,USD,-,20240514
468,CHRW,CH ROBINSON WORLDWIDE INC,Industrials,Equity,"101,254,657.47",0.02,"101,254,657.47","1,207,281.00",83.87,United States,NASDAQ,USD,1.00,USD,-,20240514
469,DAY,DAYFORCE INC,Industrials,Equity,"100,581,444.90",0.02,"100,581,444.90","1,619,669.00",62.10,United States,New York Stock Exchange Inc.,USD,1.00,USD,-,20240514
470,NWSA,NEWS CORP CLASS A,Communication,Equity,"100,588,570.07",0.02,"100,588,570.07","3,933,851.00",25.57,United States,NASDAQ,USD,1.00,USD,-,20240514
471,TPR,TAPESTRY INC,Consumer Discretionary,Equity,"99,997,564.25",0.02,"99,997,564.25","2,374,675.00",42.11,United States,New York Stock Exchange Inc.,USD,1.00,USD,-,20240514
472,QRVO,QORVO INC,Information Technology,Equity,"99,174,307.75",0.02,"99,174,307.75","1,001,255.00",99.05,United States,NASDAQ,USD,1.00,USD,-,20240514
473,HSIC,HENRY SCHEIN INC,Health Care,Equity,"97,867,063.14",0.02,"97,867,063.14","1,344,882.00",72.77,United States,NASDAQ,USD,1.00,USD,-,20240514
474,WYNN,WYNN RESORTS LTD,Consumer Discretionary,Equity,"96,728,715.00",0.02,"96,728,715.00","986,625.00",98.04,United States,NASDAQ,USD,1.00,USD,-,20240514
475,BXP,BOSTON PROPERTIES REIT INC,Real Estate,Equity,"95,837,566.65",0.02,"95,837,566.65","1,496,293.00",64.05,United States,New York Stock Exchange Inc.,USD,1.00,USD,-,20240514
476,AIZ,ASSURANT INC,Financials,Equity,"95,470,038.75",0.02,"95,470,038.75","538,375.00",177.33,United States,New York Stock Exchange Inc.,USD,1.00,USD,-,20240514
477,CPB,CAMPBELL SOUP,Consumer Staples,Equity,"93,706,036.45",0.02,"93,706,036.45","2,036,645.00",46.01,United States,New York Stock Exchange Inc.,USD,1.00,USD,-,20240514
478,SOLV,SOLVENTUM CORP,Health Care,Equity,"93,721,735.80",0.02,"93,721,735.80","1,439,658.00",65.10,United States,New York Stock Exchange Inc.,USD,1.00,USD,-,20240514
479,BFB,BROWN FORMAN CORP CLASS B,Consumer Staples,Equity,"91,394,359.76",0.02,"91,394,359.76","1,872,068.00",48.82,United States,New York Stock Exchange Inc.,USD,1.00,USD,-,20240514
480,GNRC,GENERAC HOLDINGS INC,Industrials,Equity,"90,995,875.32",0.02,"90,995,875.32","635,979.00",143.08,United States,New York Stock Exchange Inc.,USD,1.00,USD,-,20240514
481,PNW,PINNACLE WEST CORP,Utilities,Equity,"90,486,704.00",0.02,"90,486,704.00","1,175,152.00",77.00,United States,New York Stock Exchange Inc.,USD,1.00,USD,-,20240514
482,MTCH,MATCH GROUP INC,Communication,Equity,"89,970,189.00",0.02,"89,970,189.00","2,816,850.00",31.94,United States,NASDAQ,USD,1.00,USD,-,20240514
483,BWA,BORGWARNER INC,Consumer Discretionary,Equity,"89,419,618.26",0.02,"89,419,618.26","2,378,814.00",37.59,United States,New York Stock Exchange Inc.,USD,1.00,USD,-,20240514
484,PAYC,PAYCOM SOFTWARE INC,Industrials,Equity,"86,842,981.89",0.02,"86,842,981.89","497,639.00",174.51,United States,New York Stock Exchange Inc.,USD,1.00,USD,-,20240514
485,FMC,FMC CORP,Materials,Equity,"85,727,733.51",0.02,"85,727,733.51","1,293,613.00",66.27,United States,New York Stock Exchange Inc.,USD,1.00,USD,-,20240514
486,HAS,HASBRO INC,Consumer Discretionary,Equity,"84,113,870.64",0.02,"84,113,870.64","1,352,748.00",62.18,United States,NASDAQ,USD,1.00,USD,-,20240514
487,FOXA,FOX CORP CLASS A,Communication,Equity,"82,505,139.28",0.02,"82,505,139.28","2,476,888.00",33.31,United States,NASDAQ,USD,1.00,USD,-,20240514
488,CZR,CAESARS ENTERTAINMENT INC,Consumer Discretionary,Equity,"81,964,986.70",0.02,"81,964,986.70","2,232,770.00",36.71,United States,NASDAQ,USD,1.00,USD,-,20240514
489,MKTX,MARKETAXESS HOLDINGS INC,Financials,Equity,"80,249,568.24",0.02,"80,249,568.24","392,572.00",204.42,United States,NASDAQ,USD,1.00,USD,-,20240514
490,ETSY,ETSY INC,Consumer Discretionary,Equity,"78,887,445.78",0.02,"78,887,445.78","1,240,954.00",63.57,United States,NASDAQ,USD,1.00,USD,-,20240514
491,GL,GLOBE LIFE INC,Financials,Equity,"78,455,038.32",0.02,"78,455,038.32","885,897.00",88.56,United States,New York Stock Exchange Inc.,USD,1.00,USD,-,20240514
492,FRT,FEDERAL REALTY INVESTMENT TRUST RE,Real Estate,Equity,"78,070,151.01",0.02,"78,070,151.01","761,883.00",102.47,United States,New York Stock Exchange Inc.,USD,1.00,USD,-,20240514
493,RHI,ROBERT HALF,Industrials,Equity,"76,670,418.16",0.02,"76,670,418.16","1,078,043.00",71.12,United States,New York Stock Exchange Inc.,USD,1.00,USD,-,20240514
494,DVA,DAVITA INC,Health Care,Equity,"76,527,209.52",0.02,"76,527,209.52","558,552.00",137.01,United States,New York Stock Exchange Inc.,USD,1.00,USD,-,20240514
495,BEN,FRANKLIN RESOURCES INC,Financials,Equity,"75,878,581.02",0.02,"75,878,581.02","3,107,231.00",24.42,United States,New York Stock Exchange Inc.,USD,1.00,USD,-,20240514
496,IVZ,INVESCO LTD,Financials,Equity,"74,595,457.04",0.02,"74,595,457.04","4,659,304.00",16.01,United States,New York Stock Exchange Inc.,USD,1.00,USD,-,20240514
497,CMA,COMERICA INC,Financials,Equity,"73,814,058.00",0.02,"73,814,058.00","1,366,927.00",54.00,United States,New York Stock Exchange Inc.,USD,1.00,USD,-,20240514
498,NCLH,NORWEGIAN CRUISE LINE HOLDINGS LTD,Consumer Discretionary,Equity,"68,864,831.20",0.02,"68,864,831.20","4,408,760.00",15.62,United States,New York Stock Exchange Inc.,USD,1.00,USD,-,20240514
499,MHK,MOHAWK INDUSTRIES INC,Consumer Discretionary,Equity,"67,434,397.16",0.01,"67,434,397.16","548,158.00",123.02,United States,New York Stock Exchange Inc.,USD,1.00,USD,-,20240514
500,RL,RALPH LAUREN CORP CLASS A,Consumer Discretionary,Equity,"67,195,892.40",0.01,"67,195,892.40","404,040.00",166.31,United States,New York Stock Exchange Inc.,USD,1.00,USD,-,20240514
501,BIO,BIO RAD LABORATORIES INC CLASS A,Health Care,Equity,"63,827,512.93",0.01,"63,827,512.93","217,093.00",294.01,United States,New York Stock Exchange Inc.,USD,1.00,USD,-,20240514
502,PARA,PARAMOUNT GLOBAL CLASS B,Communication,Equity,"61,693,500.24",0.01,"61,693,500.24","5,003,528.00",12.33,United States,NASDAQ,USD,1.00,USD,-,20240514
503,FOX,FOX CORP CLASS B,Communication,Equity,"42,411,113.28",0.01,"42,411,113.28","1,369,868.00",30.96,United States,NASDAQ,USD,1.00,USD,-,20240514
504,UBFUT,CASH COLLATERAL USD UBFUT,Cash and/or Derivatives,Cash Collateral and Margins,"39,664,000.00",0.01,"39,664,000.00","39,664,000.00",100.00,United States,-,USD,1.00,USD,"Oct 01, 2015",20240514
505,NWS,NEWS CORP CLASS B,Communication,Equity,"31,326,530.40",0.01,"31,326,530.40","1,186,611.00",26.40,United States,NASDAQ,USD,1.00,USD,-,20240514
506,ESM4,S&P500 EMINI JUN 24,Cash and/or Derivatives,Futures,0.00,0.00,"949,827,375.00","3,605.00","5,269.50",-,Index And Options Market,USD,1.00,USD,-,20240514
